Unnamed: 0,Open,High,Low,Close,Volume,Beta,COVAR,VAR005,VAR05,DELTA_COVAR_UNC
2012-06-11 16:00:00-04:00,13.1,13.14,12.85,12.89,38327,0.0,0.0,0.0,0.0,0.0
2012-06-15 16:00:00-04:00,13.17,13.17,13.01,13.12,36618,0.0,0.0,0.0,0.0,0.0
2012-06-26 16:00:00-04:00,12.9,13.0,12.82,12.96,44434,0.0,0.0,0.0,0.0,0.0
2012-06-27 16:00:00-04:00,12.93,13.0699,12.93,13.01,8674,0.0,0.0,0.0,0.0,0.0
2012-12-31 16:00:00-05:00,13.59,13.74,13.33,13.74,44057,0.0,0.0,0.0,0.0,0.0
2013-01-02 16:00:00-05:00,13.85,13.87,13.6,13.7478,33755,0.0,0.0,0.0,0.0,0.0
2013-01-03 16:00:00-05:00,13.81,13.876,13.8,13.87,30376,0.0,0.0,0.0,0.0,0.0
2013-01-04 16:00:00-05:00,13.95,14.109,13.83,13.99,32839,0.0,0.0,0.0,0.0,0.0
2013-01-07 16:00:00-05:00,13.9,13.96,13.85,13.88,38331,0.0,0.0,0.0,0.0,0.0
2013-01-08 16:00:00-05:00,13.93,13.96,13.82,13.96,23082,0.0,0.0,0.0,0.0,0.0
2013-01-09 16:00:00-05:00,13.91,13.99,13.8653,13.99,19933,0.0,0.0,0.0,0.0,0.0
2013-01-10 16:00:00-05:00,14.0,14.2,13.9163,14.2,33143,0.0,0.0,0.0,0.0,0.0
2013-01-11 16:00:00-05:00,14.18,14.19,14.0,14.19,24998,0.0,0.0,0.0,0.0,0.0
2013-01-14 16:00:00-05:00,14.18,14.31,14.07,14.31,18405,0.0,0.0,0.0,0.0,0.0
2013-01-15 16:00:00-05:00,14.23,14.23,14.148,14.22,32127,0.0,0.0,0.0,0.0,0.0
2013-01-16 16:00:00-05:00,14.16,14.31,14.1,14.31,22973,0.0,0.0,0.0,0.0,0.0
2013-01-17 16:00:00-05:00,14.3,14.3,14.2,14.25,34674,0.0,0.0,0.0,0.0,0.0
2013-01-18 16:00:00-05:00,14.2,14.28,14.2,14.27,39941,0.0,0.0,0.0,0.0,0.0
2013-01-22 16:00:00-05:00,14.25,14.33,14.16,14.33,50088,0.0,0.0,0.0,0.0,0.0
2013-01-23 16:00:00-05:00,14.26,14.43,14.13,14.26,47753,0.0,0.0,0.0,0.0,0.0
2013-01-24 16:00:00-05:00,14.32,14.38,14.27,14.35,35094,0.0,0.0,0.0,0.0,0.0
2013-01-25 16:00:00-05:00,14.43,14.43,14.34,14.37,26258,0.0,0.0,0.0,0.0,0.0
2013-01-28 16:00:00-05:00,14.44,14.45,14.387,14.45,39902,0.0,0.0,0.0,0.0,0.0
2013-01-29 16:00:00-05:00,14.42,14.42,14.25,14.37,37399,0.0,0.0,0.0,0.0,0.0
2013-01-30 16:00:00-05:00,14.35,14.38,14.29,14.37,23270,0.0,0.0,0.0,0.0,0.0
2013-01-31 16:00:00-05:00,14.42,14.42,14.27,14.3,27633,0.0,0.0,0.0,0.0,0.0
2013-02-01 16:00:00-05:00,14.37,14.4,14.33,14.36,19872,0.0,0.0,0.0,0.0,0.0
2013-02-04 16:00:00-05:00,14.34,14.37,14.22,14.35,18103,0.0,0.0,0.0,0.0,0.0
2013-02-05 16:00:00-05:00,14.39,14.48,14.32,14.48,21689,0.0,0.0,0.0,0.0,0.0
2013-02-06 16:00:00-05:00,14.44,14.53,14.44,14.53,41723,0.0,0.0,0.0,0.0,0.0
2013-02-07 16:00:00-05:00,14.5,14.54,14.398,14.54,11649,0.0,0.0,0.0,0.0,0.0
2013-02-08 16:00:00-05:00,14.45,14.49,14.38,14.49,26899,0.0,0.0,0.0,0.0,0.0
2013-02-11 16:00:00-05:00,14.41,14.43,14.34,14.42,22477,0.0,0.0,0.0,0.0,0.0
2013-02-12 16:00:00-05:00,14.39,14.4,14.28,14.4,52449,0.0,0.0,0.0,0.0,0.0
2013-02-13 16:00:00-05:00,14.39,14.41,14.3,14.3,31294,0.0,0.0,0.0,0.0,0.0
2013-02-14 16:00:00-05:00,14.31,14.32,14.11,14.23,26863,0.0,0.0,0.0,0.0,0.0
2013-02-15 16:00:00-05:00,14.38,14.39,14.25,14.33,62538,0.0,0.0,0.0,0.0,0.0
2013-02-19 16:00:00-05:00,14.39,14.434,14.37,14.43,44648,0.0,0.0,0.0,0.0,0.0
2013-02-20 16:00:00-05:00,14.42,14.44,14.34,14.38,26481,0.0,0.0,0.0,0.0,0.0
2013-02-21 16:00:00-05:00,14.34,14.34,14.151,14.28,34815,0.0,0.0,0.0,0.0,0.0
2013-02-22 16:00:00-05:00,14.34,14.37,14.26,14.37,29815,0.0,0.0,0.0,0.0,0.0
2013-02-25 16:00:00-05:00,14.33,14.37,14.26,14.32,32457,0.0,0.0,0.0,0.0,0.0
2013-02-26 16:00:00-05:00,14.38,14.38,14.2401,14.33,47567,0.0,0.0,0.0,0.0,0.0
2013-02-27 16:00:00-05:00,14.32,14.44,14.293,14.44,20749,0.0,0.0,0.0,0.0,0.0
2013-02-28 16:00:00-05:00,14.46,14.46,14.4,14.46,23044,0.0,0.0,0.0,0.0,0.0
2013-03-01 16:00:00-05:00,14.49,14.779,14.39,14.46,88431,0.0,0.0,0.0,0.0,0.0
2013-03-04 16:00:00-05:00,14.55,14.55,14.4,14.51,49878,0.0,0.0,0.0,0.0,0.0
2013-03-05 16:00:00-05:00,14.6,14.706,14.54,14.69,46511,0.0,0.0,0.0,0.0,0.0
2013-03-06 16:00:00-05:00,14.79,14.84,14.66,14.69,41259,0.0,0.0,0.0,0.0,0.0
2013-03-07 16:00:00-05:00,14.74,14.77,14.66,14.74,26050,0.0,0.0,0.0,0.0,0.0
2013-03-08 16:00:00-05:00,14.72,14.86,14.6775,14.76,16397,0.0,0.0,0.0,0.0,0.0
2013-03-11 16:00:00-04:00,14.8,14.86,14.66,14.86,36780,0.0,0.0,0.0,0.0,0.0
2013-03-12 16:00:00-04:00,14.9,14.95,14.732,14.94,35878,0.0,0.0,0.0,0.0,0.0
2013-03-13 16:00:00-04:00,14.96,14.96,14.68,14.86,32745,0.0,0.0,0.0,0.0,0.0
2013-03-14 16:00:00-04:00,14.86,15.4,14.7587,14.87,38618,0.0,0.0,0.0,0.0,0.0
2013-03-15 16:00:00-04:00,15.72,15.72,14.72,14.78,34666,0.0,0.0,0.0,0.0,0.0
2013-03-18 16:00:00-04:00,14.93,14.99,14.708,14.78,31748,0.0,0.0,0.0,0.0,0.0
2013-03-19 16:00:00-04:00,14.81,14.89,14.51,14.6,25318,0.0,0.0,0.0,0.0,0.0
2013-03-20 16:00:00-04:00,14.73,15.02,14.514,14.82,16028,0.0,0.0,0.0,0.0,0.0
2013-03-21 16:00:00-04:00,14.73,14.8399,14.3901,14.6,16334,0.0,0.0,0.0,0.0,0.0
2013-03-22 16:00:00-04:00,14.57,14.7507,14.57,14.69,16432,0.0,0.0,0.0,0.0,0.0
2013-03-25 16:00:00-04:00,14.81,14.81,14.41,14.6,35820,0.0,0.0,0.0,0.0,0.0
2013-03-26 16:00:00-04:00,14.7,14.83,14.5,14.59,27270,0.0,0.0,0.0,0.0,0.0
2013-03-27 16:00:00-04:00,14.6,14.68,14.5239,14.68,23211,0.0,0.0,0.0,0.0,0.0
2013-03-28 16:00:00-04:00,14.64,14.74,14.63,14.67,24723,0.0,0.0,0.0,0.0,0.0
2013-04-01 16:00:00-04:00,14.56,14.79,14.49,14.749,24801,0.0,0.0,0.0,0.0,0.0
2013-04-02 16:00:00-04:00,14.71,14.75,14.67,14.74,16206,0.0,0.0,0.0,0.0,0.0
2013-04-03 16:00:00-04:00,14.74,14.79,14.54,14.59,28002,0.0,0.0,0.0,0.0,0.0
2013-04-04 16:00:00-04:00,14.59,14.8,14.59,14.67,27629,0.0,0.0,0.0,0.0,0.0
2013-04-05 16:00:00-04:00,14.5,14.77,14.5,14.59,23406,0.0,0.0,0.0,0.0,0.0
2013-04-08 16:00:00-04:00,14.58,14.7038,14.37,14.55,42525,0.0,0.0,0.0,0.0,0.0
2013-04-09 16:00:00-04:00,14.65,14.65,14.55,14.6,19566,0.0,0.0,0.0,0.0,0.0
2013-04-10 16:00:00-04:00,14.58,14.6,14.45,14.45,36517,0.0,0.0,0.0,0.0,0.0
2013-04-11 16:00:00-04:00,14.44,14.58,14.42,14.43,24986,0.0,0.0,0.0,0.0,0.0
2013-04-12 16:00:00-04:00,14.4,14.46,14.12,14.44,29441,0.0,0.0,0.0,0.0,0.0
2013-04-15 16:00:00-04:00,14.53,14.53,13.9,14.13,48528,0.0,0.0,0.0,0.0,0.0
2013-04-16 16:00:00-04:00,14.17,14.27,13.95,14.25,14457,0.0,0.0,0.0,0.0,0.0
2013-04-17 16:00:00-04:00,14.19,14.25,14.07,14.22,11046,0.0,0.0,0.0,0.0,0.0
2013-04-18 16:00:00-04:00,14.25,14.46,14.0701,14.22,40447,0.0,0.0,0.0,0.0,0.0
2013-04-19 16:00:00-04:00,14.28,14.44,14.25,14.29,8331,0.0,0.0,0.0,0.0,0.0
2013-04-22 16:00:00-04:00,14.4,14.54,14.35,14.48,21511,0.0,0.0,0.0,0.0,0.0
2013-04-23 16:00:00-04:00,14.62,14.62,14.43,14.58,23086,0.0,0.0,0.0,0.0,0.0
2013-04-24 16:00:00-04:00,14.6,14.6199,14.35,14.42,21411,0.0,0.0,0.0,0.0,0.0
2013-04-25 16:00:00-04:00,14.59,14.62,14.2301,14.58,31220,0.0,0.0,0.0,0.0,0.0
2013-04-26 16:00:00-04:00,14.5,14.5,14.3,14.42,22062,0.0,0.0,0.0,0.0,0.0
2013-04-29 16:00:00-04:00,14.55,14.55,14.25,14.25,24353,0.0,0.0,0.0,0.0,0.0
2013-04-30 16:00:00-04:00,14.34,14.4,14.33,14.4,24744,0.0,0.0,0.0,0.0,0.0
2013-05-01 16:00:00-04:00,14.52,14.75,14.38,14.69,68343,0.0,0.0,0.0,0.0,0.0
2013-05-02 16:00:00-04:00,14.75,14.79,14.44,14.5501,39641,0.0,0.0,0.0,0.0,0.0
2013-05-03 16:00:00-04:00,14.72,14.81,14.36,14.73,41541,0.0,0.0,0.0,0.0,0.0
2013-05-06 16:00:00-04:00,14.66,14.75,14.52,14.65,29433,0.0,0.0,0.0,0.0,0.0
2013-05-07 16:00:00-04:00,14.56,14.69,14.4802,14.5699,30426,0.0,0.0,0.0,0.0,0.0
2013-05-08 16:00:00-04:00,14.53,14.54,14.412,14.45,32287,0.0,0.0,0.0,0.0,0.0
2013-05-09 16:00:00-04:00,14.39,14.52,14.32,14.4,34239,0.0,0.0,0.0,0.0,0.0
2013-05-10 16:00:00-04:00,14.49,14.5,14.32,14.42,25846,0.0,0.0,0.0,0.0,0.0
2013-05-13 16:00:00-04:00,14.46,14.49,14.32,14.49,28704,0.0,0.0,0.0,0.0,0.0
2013-05-14 16:00:00-04:00,14.48,14.66,14.4799,14.66,29797,0.0,0.0,0.0,0.0,0.0
2013-05-15 16:00:00-04:00,14.74,14.74,14.51,14.66,28522,0.0,0.0,0.0,0.0,0.0
2013-05-16 16:00:00-04:00,14.68,14.72,14.63,14.69,26354,0.0,0.0,0.0,0.0,0.0
2013-05-17 16:00:00-04:00,14.7,14.75,14.64,14.64,20131,0.0,0.0,0.0,0.0,0.0
2013-05-20 16:00:00-04:00,14.59,14.72,14.51,14.56,21014,0.0,0.0,0.0,0.0,0.0
2013-05-21 16:00:00-04:00,14.61,14.7,14.5312,14.54,27858,0.0,0.0,0.0,0.0,0.0
2013-05-22 16:00:00-04:00,14.63,14.68,14.44,14.44,26724,0.0,0.0,0.0,0.0,0.0
2013-05-23 16:00:00-04:00,14.46,14.63,14.42,14.56,39396,0.0,0.0,0.0,0.0,0.0
2013-05-24 16:00:00-04:00,14.51,14.57,14.44,14.46,12708,0.0,0.0,0.0,0.0,0.0
2013-05-28 16:00:00-04:00,14.53,14.62,14.44,14.45,17377,0.0,0.0,0.0,0.0,0.0
2013-05-29 16:00:00-04:00,14.44,14.53,14.24,14.34,42005,0.0,0.0,0.0,0.0,0.0
2013-05-30 16:00:00-04:00,14.33,14.64,14.32,14.59,28874,0.0,0.0,0.0,0.0,0.0
2013-05-31 16:00:00-04:00,14.6,14.71,14.37,14.37,33061,0.0,0.0,0.0,0.0,0.0
2013-06-03 16:00:00-04:00,14.49,14.49,14.31,14.31,31506,0.0,0.0,0.0,0.0,0.0
2013-06-04 16:00:00-04:00,14.3,14.43,14.1,14.31,20228,0.0,0.0,0.0,0.0,0.0
2013-06-05 16:00:00-04:00,14.27,14.4099,14.161,14.2,17907,0.0,0.0,0.0,0.0,0.0
2013-06-06 16:00:00-04:00,14.2,14.2965,14.2,14.28,10657,0.0,0.0,0.0,0.0,0.0
2013-06-07 16:00:00-04:00,14.22,14.5,14.22,14.45,21028,0.0,0.0,0.0,0.0,0.0
2013-06-10 16:00:00-04:00,14.41,14.5,14.4,14.41,33137,0.0,0.0,0.0,0.0,0.0
2013-06-11 16:00:00-04:00,14.43,14.54,14.35,14.5,42356,0.0,0.0,0.0,0.0,0.0
2013-06-12 16:00:00-04:00,14.54,14.54,14.3375,14.354,16436,0.0,0.0,0.0,0.0,0.0
2013-06-13 16:00:00-04:00,14.35,14.46,14.09,14.46,33543,0.0,0.0,0.0,0.0,0.0
2013-06-14 16:00:00-04:00,14.5,14.519,14.35,14.42,18715,0.0,0.0,0.0,0.0,0.0
2013-06-17 16:00:00-04:00,14.47,14.48,14.2912,14.31,24725,0.0,0.0,0.0,0.0,0.0
2013-06-18 16:00:00-04:00,14.23,14.29,14.23,14.25,15904,0.0,0.0,0.0,0.0,0.0
2013-06-19 16:00:00-04:00,14.2,14.34,14.12,14.22,26049,0.0,0.0,0.0,0.0,0.0
2013-06-20 16:00:00-04:00,14.13,14.13,13.46,13.62,76495,0.0,0.0,0.0,0.0,0.0
2013-06-21 16:00:00-04:00,13.77,13.77,13.12,13.12,41870,0.0,0.0,0.0,0.0,0.0
2013-06-24 16:00:00-04:00,12.97,12.97,12.14,12.42,132781,0.0,0.0,0.0,0.0,0.0
2013-06-25 16:00:00-04:00,12.55,12.7,12.44,12.69,45886,0.0,0.0,0.0,0.0,0.0
2013-06-26 16:00:00-04:00,12.71,12.96,12.71,12.96,43475,0.0,0.0,0.0,0.0,0.0
2013-06-27 16:00:00-04:00,13.12,13.2499,12.9399,13.18,33210,0.0,0.0,0.0,0.0,0.0
2013-06-28 16:00:00-04:00,13.19,13.38,13.15,13.36,24752,0.0,0.0,0.0,0.0,0.0
2013-07-01 16:00:00-04:00,13.48,13.55,13.35,13.35,52143,0.0,0.0,0.0,0.0,0.0
2013-07-02 16:00:00-04:00,13.35,13.54,13.3,13.37,18562,0.0,0.0,0.0,0.0,0.0
2013-07-03 16:00:00-04:00,13.3,13.4599,13.3,13.33,11772,0.0,0.0,0.0,0.0,0.0
2013-07-05 16:00:00-04:00,13.34,13.38,13.18,13.22,21828,0.0,0.0,0.0,0.0,0.0
2013-07-08 16:00:00-04:00,13.14,13.269,13.1,13.1,24729,0.0,0.0,0.0,0.0,0.0
2013-07-09 16:00:00-04:00,13.1,13.25,13.1,13.2398,16157,0.0,0.0,0.0,0.0,0.0
2013-07-10 16:00:00-04:00,13.18,13.35,13.1101,13.35,30442,0.0,0.0,0.0,0.0,0.0
2013-07-11 16:00:00-04:00,13.39,13.6799,13.38,13.587,34410,0.0,0.0,0.0,0.0,0.0
2013-07-12 16:00:00-04:00,13.47,13.62,13.41,13.61,33174,0.0,0.0,0.0,0.0,0.0
2013-07-15 16:00:00-04:00,13.56,13.75,13.53,13.74,15519,0.0,0.0,0.0,0.0,0.0
2013-07-16 16:00:00-04:00,13.68,13.76,13.6101,13.704,17495,0.0,0.0,0.0,0.0,0.0
2013-07-17 16:00:00-04:00,13.75,13.85,13.74,13.82,6261,0.0,0.0,0.0,0.0,0.0
2013-07-18 16:00:00-04:00,13.82,13.83,13.7523,13.7523,11230,0.0,0.0,0.0,0.0,0.0
2013-07-19 16:00:00-04:00,13.66,13.7699,13.6,13.6,21036,0.0,0.0,0.0,0.0,0.0
2013-07-22 16:00:00-04:00,13.68,13.75,13.64,13.75,16069,0.0,0.0,0.0,0.0,0.0
2013-07-23 16:00:00-04:00,13.89,13.96,13.73,13.8,30871,0.0,0.0,0.0,0.0,0.0
2013-07-24 16:00:00-04:00,13.87,13.9,13.65,13.65,16143,0.0,0.0,0.0,0.0,0.0
2013-07-25 16:00:00-04:00,13.65,13.82,13.65,13.7207,9594,0.0,0.0,0.0,0.0,0.0
2013-07-26 16:00:00-04:00,13.72,13.87,13.72,13.81,23621,0.0,0.0,0.0,0.0,0.0
2013-07-29 16:00:00-04:00,13.83,13.83,13.7,13.81,15065,0.0,0.0,0.0,0.0,0.0
2013-07-30 16:00:00-04:00,13.75,13.7999,13.7,13.78,14056,0.0,0.0,0.0,0.0,0.0
2013-07-31 16:00:00-04:00,13.78,13.84,13.71,13.73,18387,0.0,0.0,0.0,0.0,0.0
2013-08-01 16:00:00-04:00,13.75,13.86,13.7301,13.78,14593,0.0,0.0,0.0,0.0,0.0
2013-08-02 16:00:00-04:00,13.8,13.87,13.791,13.87,19405,0.0,0.0,0.0,0.0,0.0
2013-08-05 16:00:00-04:00,13.79,13.87,13.75,13.85,20080,0.0,0.0,0.0,0.0,0.0
2013-08-06 16:00:00-04:00,13.75,13.85,13.75,13.77,11744,0.0,0.0,0.0,0.0,0.0
2013-08-07 16:00:00-04:00,13.7,13.73,13.56,13.68,42801,0.0,0.0,0.0,0.0,0.0
2013-08-08 16:00:00-04:00,13.62,13.66,13.51,13.64,14287,0.0,0.0,0.0,0.0,0.0
2013-08-09 16:00:00-04:00,13.57,13.651,13.57,13.651,14487,0.0,0.0,0.0,0.0,0.0
2013-08-12 16:00:00-04:00,13.72,13.72,13.6256,13.7,21249,0.0,0.0,0.0,0.0,0.0
2013-08-13 16:00:00-04:00,13.67,13.8,13.65,13.74,15638,0.0,0.0,0.0,0.0,0.0
2013-08-14 16:00:00-04:00,13.68,13.82,13.64,13.74,23105,0.0,0.0,0.0,0.0,0.0
2013-08-15 16:00:00-04:00,13.63,13.63,13.46,13.57,25756,0.0,0.0,0.0,0.0,0.0
2013-08-16 16:00:00-04:00,13.6,13.7,13.51,13.56,20358,0.0,0.0,0.0,0.0,0.0
2013-08-19 16:00:00-04:00,13.6,13.6,13.45,13.51,18950,0.0,0.0,0.0,0.0,0.0
2013-08-20 16:00:00-04:00,13.48,13.53,13.38,13.5,20870,0.0,0.0,0.0,0.0,0.0
2013-08-21 16:00:00-04:00,13.5,13.5,13.261,13.32,17371,0.0,0.0,0.0,0.0,0.0
2013-08-22 16:00:00-04:00,13.37,13.42,13.1,13.34,13533,0.0,0.0,0.0,0.0,0.0
2013-08-23 16:00:00-04:00,13.32,13.5199,13.32,13.4501,15322,0.0,0.0,0.0,0.0,0.0
2013-08-26 16:00:00-04:00,13.41,13.59,13.33,13.39,19369,0.0,0.0,0.0,0.0,0.0
2013-08-27 16:00:00-04:00,13.26,13.3,13.19,13.3,16335,0.0,0.0,0.0,0.0,0.0
2013-08-28 16:00:00-04:00,13.23,13.34,13.21,13.26,18654,0.0,0.0,0.0,0.0,0.0
2013-08-29 16:00:00-04:00,13.2,13.2699,13.17,13.17,9049,0.0,0.0,0.0,0.0,0.0
2013-08-30 16:00:00-04:00,13.21,13.24,13.13,13.17,8912,0.0,0.0,0.0,0.0,0.0
2013-09-03 16:00:00-04:00,13.31,13.41,13.18,13.26,14820,0.0,0.0,0.0,0.0,0.0
2013-09-04 16:00:00-04:00,13.23,13.59,13.23,13.53,35153,0.0,0.0,0.0,0.0,0.0
2013-09-05 16:00:00-04:00,13.53,13.6,13.52,13.57,19274,0.0,0.0,0.0,0.0,0.0
2013-09-06 16:00:00-04:00,13.56,13.6897,13.55,13.6,21027,0.0,0.0,0.0,0.0,0.0
2013-09-09 16:00:00-04:00,13.55,13.72,13.52,13.72,22036,0.0,0.0,0.0,0.0,0.0
2013-09-10 16:00:00-04:00,13.68,13.7,13.5901,13.679,34824,0.0,0.0,0.0,0.0,0.0
2013-09-11 16:00:00-04:00,13.65,13.7123,13.571,13.641,16972,0.0,0.0,0.0,0.0,0.0
2013-09-12 16:00:00-04:00,13.68,13.7,13.59,13.59,12588,0.0,0.0,0.0,0.0,0.0
2013-09-13 16:00:00-04:00,13.56,13.67,13.521,13.67,21063,0.0,0.0,0.0,0.0,0.0
2013-09-16 16:00:00-04:00,13.79,13.79,13.59,13.72,37990,0.0,0.0,0.0,0.0,0.0
2013-09-17 16:00:00-04:00,13.85,13.85,13.61,13.62,31625,0.0,0.0,0.0,0.0,0.0
2013-09-18 16:00:00-04:00,13.58,13.79,13.58,13.74,21368,0.0,0.0,0.0,0.0,0.0
2013-09-19 16:00:00-04:00,13.79,13.79,13.62,13.72,15649,0.0,0.0,0.0,0.0,0.0
2013-09-20 16:00:00-04:00,13.67,13.76,13.62,13.68,13904,0.0,0.0,0.0,0.0,0.0
2013-09-23 16:00:00-04:00,13.61,13.6185,13.5,13.5,32970,0.0,0.0,0.0,0.0,0.0
2013-09-24 16:00:00-04:00,13.5,13.58,13.33,13.5,34671,0.0,0.0,0.0,0.0,0.0
2013-09-25 16:00:00-04:00,13.41,13.48,13.3401,13.42,28458,0.0,0.0,0.0,0.0,0.0
2013-09-26 16:00:00-04:00,13.4,13.5299,13.32,13.52,21191,0.0,0.0,0.0,0.0,0.0
2013-09-27 16:00:00-04:00,13.52,13.55,13.4501,13.55,10233,0.0,0.0,0.0,0.0,0.0
2013-09-30 16:00:00-04:00,13.5,13.51,13.361,13.46,15160,0.0,0.0,0.0,0.0,0.0
2013-10-01 16:00:00-04:00,13.42,13.57,13.42,13.57,20038,0.0,0.0,0.0,0.0,0.0
2013-10-02 16:00:00-04:00,13.41,13.62,13.41,13.62,29645,0.0,0.0,0.0,0.0,0.0
2013-10-03 16:00:00-04:00,13.54,13.63,13.48,13.501,10980,0.0,0.0,0.0,0.0,0.0
2013-10-04 16:00:00-04:00,13.4,13.58,13.4,13.5599,16535,0.0,0.0,0.0,0.0,0.0
2013-10-07 16:00:00-04:00,13.47,13.64,13.46,13.46,7314,0.0,0.0,0.0,0.0,0.0
2013-10-08 16:00:00-04:00,13.32,13.38,13.26,13.29,14746,0.0,0.0,0.0,0.0,0.0
2013-10-09 16:00:00-04:00,13.25,13.2998,13.06,13.16,31818,0.0,0.0,0.0,0.0,0.0
2013-10-10 16:00:00-04:00,13.19,13.41,13.19,13.405,16562,0.0,0.0,0.0,0.0,0.0
2013-10-11 16:00:00-04:00,13.31,13.49,13.31,13.49,14968,0.0,0.0,0.0,0.0,0.0
2013-10-14 16:00:00-04:00,13.48,13.5,13.36,13.49,19849,0.0,0.0,0.0,0.0,0.0
2013-10-15 16:00:00-04:00,13.5,13.505,13.361,13.43,17214,0.0,0.0,0.0,0.0,0.0
2013-10-16 16:00:00-04:00,13.51,13.56,13.3176,13.56,22161,0.0,0.0,0.0,0.0,0.0
2013-10-17 16:00:00-04:00,13.49,13.64,13.48,13.64,17676,0.0,0.0,0.0,0.0,0.0
2013-10-18 16:00:00-04:00,13.74,13.74,13.63,13.72,31793,0.0,0.0,0.0,0.0,0.0
2013-10-21 16:00:00-04:00,13.75,13.87,13.71,13.78,36432,0.0,0.0,0.0,0.0,0.0
2013-10-22 16:00:00-04:00,13.75,13.92,13.73,13.88,73706,0.0,0.0,0.0,0.0,0.0
2013-10-23 16:00:00-04:00,13.88,13.91,13.83,13.909,21584,0.0,0.0,0.0,0.0,0.0
2013-10-24 16:00:00-04:00,13.92,14.01,13.8601,13.9852,13511,0.0,0.0,0.0,0.0,0.0
2013-10-25 16:00:00-04:00,14.0,14.1,13.97,14.01,16348,0.0,0.0,0.0,0.0,0.0
2013-10-28 16:00:00-04:00,13.97,13.9882,13.91,13.94,10196,0.0,0.0,0.0,0.0,0.0
2013-10-29 16:00:00-04:00,13.93,14.06,13.93,14.0599,21547,0.0,0.0,0.0,0.0,0.0
2013-10-30 16:00:00-04:00,14.02,14.09,13.95,14.0,26539,0.0,0.0,0.0,0.0,0.0
2013-10-31 16:00:00-04:00,14.05,14.05,13.9479,13.9479,12200,0.0,0.0,0.0,0.0,0.0
2013-11-01 16:00:00-04:00,13.91,13.95,13.8,13.85,20549,0.0,0.0,0.0,0.0,0.0
2013-11-04 16:00:00-05:00,13.81,13.84,13.7801,13.81,21402,0.0,0.0,0.0,0.0,0.0
2013-11-05 16:00:00-05:00,13.83,13.85,13.73,13.751,24486,0.0,0.0,0.0,0.0,0.0
2013-11-06 16:00:00-05:00,13.73,13.89,13.72,13.75,29422,0.0,0.0,0.0,0.0,0.0
2013-11-07 16:00:00-05:00,13.79,13.79,13.62,13.65,25764,0.0,0.0,0.0,0.0,0.0
2013-11-08 16:00:00-05:00,13.56,13.66,13.56,13.59,17216,0.0,0.0,0.0,0.0,0.0
2013-11-11 16:00:00-05:00,13.51,13.69,13.51,13.68,18981,0.0,0.0,0.0,0.0,0.0
2013-11-12 16:00:00-05:00,13.62,13.73,13.57,13.7,22542,0.0,0.0,0.0,0.0,0.0
2013-11-13 16:00:00-05:00,13.74,13.76,13.58,13.6799,24759,0.0,0.0,0.0,0.0,0.0
2013-11-14 16:00:00-05:00,13.64,13.76,13.64,13.74,13219,0.0,0.0,0.0,0.0,0.0
2013-11-15 16:00:00-05:00,13.75,13.8,13.721,13.78,19630,0.0,0.0,0.0,0.0,0.0
2013-11-18 16:00:00-05:00,13.81,13.85,13.801,13.83,25719,0.0,0.0,0.0,0.0,0.0
2013-11-19 16:00:00-05:00,13.82,13.87,13.69,13.84,29675,0.0,0.0,0.0,0.0,0.0
2013-11-20 16:00:00-05:00,13.77,13.85,13.76,13.84,36577,0.0,0.0,0.0,0.0,0.0
2013-11-21 16:00:00-05:00,13.81,13.88,13.76,13.86,24614,0.0,0.0,0.0,0.0,0.0
2013-11-22 16:00:00-05:00,13.81,13.91,13.7999,13.8601,16481,0.0,0.0,0.0,0.0,0.0
2013-11-25 16:00:00-05:00,13.81,14.05,13.8,13.8501,55335,0.0,0.0,0.0,0.0,0.0
2013-11-26 16:00:00-05:00,13.81,13.85,13.68,13.79,23390,0.0,0.0,0.0,0.0,0.0
2013-11-27 16:00:00-05:00,13.76,13.82,13.69,13.82,19512,0.0,0.0,0.0,0.0,0.0
2013-11-29 16:00:00-05:00,13.76,14.0,13.76,13.87,14239,0.0,0.0,0.0,0.0,0.0
2013-12-02 16:00:00-05:00,13.8,13.93,13.73,13.93,32097,0.0,0.0,0.0,0.0,0.0
2013-12-03 16:00:00-05:00,13.85,13.88,13.76,13.82,36935,0.0,0.0,0.0,0.0,0.0
2013-12-04 16:00:00-05:00,13.73,13.77,13.68,13.74,23563,0.0,0.0,0.0,0.0,0.0
2013-12-05 16:00:00-05:00,13.67,13.7,13.56,13.69,24932,0.0,0.0,0.0,0.0,0.0
2013-12-06 16:00:00-05:00,13.67,13.76,13.65,13.68,24141,0.0,0.0,0.0,0.0,0.0
2013-12-09 16:00:00-05:00,13.62,13.77,13.5615,13.77,22270,0.0,0.0,0.0,0.0,0.0
2013-12-10 16:00:00-05:00,13.7,13.81,13.5801,13.67,30678,0.0,0.0,0.0,0.0,0.0
2013-12-11 16:00:00-05:00,13.63,13.6536,13.53,13.58,21430,0.0,0.0,0.0,0.0,0.0
2013-12-12 16:00:00-05:00,13.57,13.63,13.4701,13.5436,19962,0.0,0.0,0.0,0.0,0.0
2013-12-13 16:00:00-05:00,13.51,13.55,13.4001,13.55,15050,0.0,0.0,0.0,0.0,0.0
2013-12-16 16:00:00-05:00,13.53,13.63,13.53,13.57,21810,0.0,0.0,0.0,0.0,0.0
2013-12-17 16:00:00-05:00,13.51,13.61,13.51,13.6,22457,0.0,0.0,0.0,0.0,0.0
2013-12-18 16:00:00-05:00,13.59,13.68,13.52,13.6,45624,0.0,0.0,0.0,0.0,0.0
2013-12-19 16:00:00-05:00,13.55,13.74,13.5201,13.65,27083,0.0,0.0,0.0,0.0,0.0
2013-12-20 16:00:00-05:00,13.62,13.8,13.62,13.8,32298,0.0,0.0,0.0,0.0,0.0
2013-12-23 16:00:00-05:00,13.85,13.99,13.82,13.98,47564,0.0,0.0,0.0,0.0,0.0
2013-12-24 16:00:00-05:00,13.93,14.2,13.93,14.2,36816,0.0,0.0,0.0,0.0,0.0
2013-12-26 16:00:00-05:00,14.17,14.23,14.0801,14.16,29566,0.0,0.0,0.0,0.0,0.0
2013-12-27 16:00:00-05:00,14.08,14.23,13.9901,14.0514,20549,0.0,0.0,0.0,0.0,0.0
2013-12-30 16:00:00-05:00,14.0,14.21,14.0,14.0,21970,0.0,0.0,0.0,0.0,0.0
2013-12-31 16:00:00-05:00,14.0,14.12,14.0,14.02,19907,0.0,0.0,0.0,0.0,0.0
2014-01-02 16:00:00-05:00,14.02,14.19,13.86,13.94,30875,0.0,0.0,0.0,0.0,0.0
2014-01-03 16:00:00-05:00,13.95,14.03,13.8801,14.02,21060,0.0,0.0,0.0,0.0,0.0
2014-01-06 16:00:00-05:00,14.12,14.12,13.92,14.0,38567,0.0,0.0,0.0,0.0,0.0
2014-01-07 16:00:00-05:00,14.01,14.21,14.01,14.19,41576,0.0,0.0,0.0,0.0,0.0
2014-01-08 16:00:00-05:00,14.13,14.13,13.96,14.0,26075,0.0,0.0,0.0,0.0,0.0
2014-01-09 16:00:00-05:00,14.01,14.05,14.0,14.03,26187,0.0,0.0,0.0,0.0,0.0
2014-01-10 16:00:00-05:00,14.0,14.0855,14.0,14.07,22320,0.0,0.0,0.0,0.0,0.0
2014-01-13 16:00:00-05:00,14.11,14.25,14.0464,14.07,15395,0.0,0.0,0.0,0.0,0.0
2014-01-14 16:00:00-05:00,14.17,14.17,14.0401,14.07,34969,0.0,0.0,0.0,0.0,0.0
2014-01-15 16:00:00-05:00,14.19,14.27,14.14,14.19,27366,0.0,0.0,0.0,0.0,0.0
2014-01-16 16:00:00-05:00,14.23,14.27,14.1128,14.24,22751,0.0,0.0,0.0,0.0,0.0
2014-01-17 16:00:00-05:00,14.29,14.39,14.23,14.3,34474,0.0,0.0,0.0,0.0,0.0
2014-01-21 16:00:00-05:00,14.39,14.39,14.25,14.36,37729,0.0,0.0,0.0,0.0,0.0
2014-01-22 16:00:00-05:00,14.4,14.5064,14.3999,14.48,34018,0.0,0.0,0.0,0.0,0.0
2014-01-23 16:00:00-05:00,14.39,14.47,14.3301,14.44,43060,0.0,0.0,0.0,0.0,0.0
2014-01-24 16:00:00-05:00,14.41,14.43,14.2,14.31,28319,0.0,0.0,0.0,0.0,0.0
2014-01-27 16:00:00-05:00,14.32,14.32,13.84,13.91,34334,0.0,0.0,0.0,0.0,0.0
2014-01-28 16:00:00-05:00,14.02,14.0699,13.9101,14.05,31103,0.0,0.0,0.0,0.0,0.0
2014-01-29 16:00:00-05:00,14.02,14.04,13.85,14.03,20346,0.0,0.0,0.0,0.0,0.0
2014-01-30 16:00:00-05:00,14.17,14.21,14.0,14.06,17037,0.0,0.0,0.0,0.0,0.0
2014-01-31 16:00:00-05:00,14.01,14.14,13.9,13.99,17958,0.0,0.0,0.0,0.0,0.0
2014-02-03 16:00:00-05:00,13.96,13.96,13.8,13.81,53493,0.0,0.0,0.0,0.0,0.0
2014-02-04 16:00:00-05:00,13.87,13.87,13.7801,13.8498,15620,0.0,0.0,0.0,0.0,0.0
2014-02-05 16:00:00-05:00,13.89,13.95,13.8,13.94,37185,0.0,0.0,0.0,0.0,0.0
2014-02-06 16:00:00-05:00,13.96,14.14,13.8701,14.08,31936,0.0,0.0,0.0,0.0,0.0
2014-02-07 16:00:00-05:00,14.02,14.17,14.02,14.16,17891,0.0,0.0,0.0,0.0,0.0
2014-02-10 16:00:00-05:00,14.15,14.25,14.15,14.22,16088,0.0,0.0,0.0,0.0,0.0
2014-02-11 16:00:00-05:00,14.28,14.42,14.15,14.4,30260,0.0,0.0,0.0,0.0,0.0
2014-02-12 16:00:00-05:00,14.4,14.58,14.4,14.47,30158,0.0,0.0,0.0,0.0,0.0
2014-02-13 16:00:00-05:00,14.37,14.51,14.2227,14.45,16605,0.0,0.0,0.0,0.0,0.0
2014-02-14 16:00:00-05:00,14.5,14.64,14.5,14.64,32469,0.0,0.0,0.0,0.0,0.0
2014-02-18 16:00:00-05:00,14.71,14.74,14.46,14.68,22810,0.0,0.0,0.0,0.0,0.0
2014-02-19 16:00:00-05:00,14.66,14.72,14.64,14.69,13370,0.0,0.0,0.0,0.0,0.0
2014-02-20 16:00:00-05:00,14.7,14.82,14.62,14.74,20226,0.0,0.0,0.0,0.0,0.0
2014-02-21 16:00:00-05:00,14.74,14.9,14.67,14.88,16824,0.0,0.0,0.0,0.0,0.0
2014-02-24 16:00:00-05:00,14.82,15.0,14.738,14.93,37521,0.0,0.0,0.0,0.0,0.0
2014-02-25 16:00:00-05:00,14.87,15.14,14.78,15.1,40585,0.0,0.0,0.0,0.0,0.0
2014-02-26 16:00:00-05:00,15.04,15.1,14.96,15.09,24133,0.0,0.0,0.0,0.0,0.0
2014-02-27 16:00:00-05:00,15.01,15.08,14.91,15.04,22136,0.0,0.0,0.0,0.0,0.0
2014-02-28 16:00:00-05:00,15.04,15.11,14.95,15.08,22935,0.0,0.0,0.0,0.0,0.0
2014-03-03 16:00:00-05:00,15.0,15.04,14.83,14.89,16343,0.0,0.0,0.0,0.0,0.0
2014-03-04 16:00:00-05:00,14.93,15.12,14.8701,14.94,29024,0.0,0.0,0.0,0.0,0.0
2014-03-05 16:00:00-05:00,14.88,15.04,14.88,15.0,28011,0.0,0.0,0.0,0.0,0.0
2014-03-06 16:00:00-05:00,14.98,15.07,14.95,14.99,32517,0.0,0.0,0.0,0.0,0.0
2014-03-07 16:00:00-05:00,14.96,14.96,14.7575,14.85,26569,0.0,0.0,0.0,0.0,0.0
2014-03-10 16:00:00-04:00,14.79,15.02,14.77,14.85,8843,0.0,0.0,0.0,0.0,0.0
2014-03-11 16:00:00-04:00,14.93,14.93,14.6201,14.6699,13902,0.0,0.0,0.0,0.0,0.0
2014-03-12 16:00:00-04:00,14.64,14.8,14.64,14.7101,12601,0.0,0.0,0.0,0.0,0.0
2014-03-13 16:00:00-04:00,14.8,14.9,14.66,14.67,20839,0.0,0.0,0.0,0.0,0.0
2014-03-14 16:00:00-04:00,14.72,14.72,14.64,14.64,10367,0.0,0.0,0.0,0.0,0.0
2014-03-17 16:00:00-04:00,14.65,14.65,14.5,14.5,19689,0.0,0.0,0.0,0.0,0.0
2014-03-18 16:00:00-04:00,14.47,14.74,14.4172,14.6794,35529,0.0,0.0,0.0,0.0,0.0
2014-03-19 16:00:00-04:00,14.68,14.68,14.6,14.6,16511,0.0,0.0,0.0,0.0,0.0
2014-03-20 16:00:00-04:00,14.64,14.65,14.58,14.65,15833,0.0,0.0,0.0,0.0,0.0
2014-03-21 16:00:00-04:00,14.65,14.8,14.6372,14.7,22193,0.0,0.0,0.0,0.0,0.0
2014-03-24 16:00:00-04:00,14.73,14.73,14.55,14.6,14461,0.0,0.0,0.0,0.0,0.0
2014-03-25 16:00:00-04:00,14.65,14.73,14.56,14.67,11593,0.0,0.0,0.0,0.0,0.0
2014-03-26 16:00:00-04:00,14.71,14.71,14.53,14.56,13886,0.0,0.0,0.0,0.0,0.0
2014-03-27 16:00:00-04:00,14.61,14.72,14.6001,14.6856,21360,0.0,0.0,0.0,0.0,0.0
2014-03-28 16:00:00-04:00,14.72,14.74,14.66,14.72,24258,0.0,0.0,0.0,0.0,0.0
2014-03-31 16:00:00-04:00,14.83,14.9,14.7,14.9,24614,0.0,0.0,0.0,0.0,0.0
2014-04-01 16:00:00-04:00,14.85,14.86,14.75,14.82,16115,0.0,0.0,0.0,0.0,0.0
2014-04-02 16:00:00-04:00,14.89,14.91,14.82,14.89,30465,0.0,0.0,0.0,0.0,0.0
2014-04-03 16:00:00-04:00,14.93,14.93,14.72,14.76,16333,0.0,0.0,0.0,0.0,0.0
2014-04-04 16:00:00-04:00,14.76,14.8,14.62,14.71,17295,0.0,0.0,0.0,0.0,0.0
2014-04-07 16:00:00-04:00,14.63,14.63,14.51,14.53,19166,0.0,0.0,0.0,0.0,0.0
2014-04-08 16:00:00-04:00,14.49,14.6,14.3,14.6,23190,0.0,0.0,0.0,0.0,0.0
2014-04-09 16:00:00-04:00,14.56,14.56,14.43,14.49,21750,0.0,0.0,0.0,0.0,0.0
2014-04-10 16:00:00-04:00,14.5,14.65,14.4601,14.53,18397,0.0,0.0,0.0,0.0,0.0
2014-04-11 16:00:00-04:00,14.55,14.63,14.46,14.48,21252,0.0,0.0,0.0,0.0,0.0
2014-04-14 16:00:00-04:00,14.5,14.52,14.35,14.49,17601,0.0,0.0,0.0,0.0,0.0
2014-04-15 16:00:00-04:00,14.58,14.63,14.46,14.61,16215,0.0,0.0,0.0,0.0,0.0
2014-04-16 16:00:00-04:00,14.7,14.83,14.6,14.75,30525,0.0,0.0,0.0,0.0,0.0
2014-04-17 16:00:00-04:00,14.75,14.8,14.7101,14.75,14350,0.0,0.0,0.0,0.0,0.0
2014-04-21 16:00:00-04:00,14.63,14.83,14.62,14.8,38077,0.0,0.0,0.0,0.0,0.0
2014-04-22 16:00:00-04:00,14.8,14.89,14.768,14.8,19745,0.0,0.0,0.0,0.0,0.0
2014-04-23 16:00:00-04:00,14.79,14.86,14.7412,14.84,26051,0.0,0.0,0.0,0.0,0.0
2014-04-24 16:00:00-04:00,14.83,14.83,14.6,14.73,47618,0.0,0.0,0.0,0.0,0.0
2014-04-25 16:00:00-04:00,14.73,14.7939,14.67,14.7939,32978,0.0,0.0,0.0,0.0,0.0
2014-04-28 16:00:00-04:00,14.87,14.87,14.72,14.81,12852,0.0,0.0,0.0,0.0,0.0
2014-04-29 16:00:00-04:00,14.77,14.81,14.7326,14.7489,10774,0.0,0.0,0.0,0.0,0.0
2014-04-30 16:00:00-04:00,14.81,14.81,14.7308,14.8,22448,0.0,0.0,0.0,0.0,0.0
2014-05-01 16:00:00-04:00,14.79,14.82,14.763,14.77,11263,0.0,0.0,0.0,0.0,0.0
2014-05-02 16:00:00-04:00,14.84,14.84,14.7701,14.83,21848,0.0,0.0,0.0,0.0,0.0
2014-05-05 16:00:00-04:00,14.72,14.86,14.7,14.86,26529,0.0,0.0,0.0,0.0,0.0
2014-05-06 16:00:00-04:00,14.83,14.86,14.74,14.8,19346,0.0,0.0,0.0,0.0,0.0
2014-05-07 16:00:00-04:00,14.81,14.82,14.722,14.79,13952,0.0,0.0,0.0,0.0,0.0
2014-05-08 16:00:00-04:00,14.77,14.77,14.61,14.61,24689,0.0,0.0,0.0,0.0,0.0
2014-05-09 16:00:00-04:00,14.62,14.63,14.5666,14.62,13968,0.0,0.0,0.0,0.0,0.0
2014-05-12 16:00:00-04:00,14.69,14.7,14.62,14.6605,11777,0.0,0.0,0.0,0.0,0.0
2014-05-13 16:00:00-04:00,14.66,14.73,14.64,14.67,23601,0.0,0.0,0.0,0.0,0.0
2014-05-14 16:00:00-04:00,14.71,14.71,14.63,14.66,12737,0.0,0.0,0.0,0.0,0.0
2014-05-15 16:00:00-04:00,14.74,14.74,14.48,14.48,23737,0.0,0.0,0.0,0.0,0.0
2014-05-16 16:00:00-04:00,14.59,14.59,14.45,14.47,15993,0.0,0.0,0.0,0.0,0.0
2014-05-19 16:00:00-04:00,14.43,14.59,14.43,14.47,24653,0.0,0.0,0.0,0.0,0.0
2014-05-20 16:00:00-04:00,14.46,14.55,14.46,14.51,10998,0.0,0.0,0.0,0.0,0.0
2014-05-21 16:00:00-04:00,14.6,14.65,14.54,14.65,8621,0.0,0.0,0.0,0.0,0.0
2014-05-22 16:00:00-04:00,14.68,14.83,14.661,14.83,28862,0.0,0.0,0.0,0.0,0.0
2014-05-23 16:00:00-04:00,14.9,14.9,14.85,14.87,20042,0.0,0.0,0.0,0.0,0.0
2014-05-27 16:00:00-04:00,14.88,14.9,14.83,14.89,27729,0.0,0.0,0.0,0.0,0.0
2014-05-28 16:00:00-04:00,14.84,14.88,14.71,14.87,22948,0.0,0.0,0.0,0.0,0.0
2014-05-29 16:00:00-04:00,14.86,14.89,14.66,14.89,33150,0.0,0.0,0.0,0.0,0.0
2014-05-30 16:00:00-04:00,14.81,14.83,14.67,14.79,38066,0.0,0.0,0.0,0.0,0.0
2014-06-02 16:00:00-04:00,14.78,14.78,14.7,14.72,25276,0.0,0.0,0.0,0.0,0.0
2014-06-03 16:00:00-04:00,14.73,14.78,14.67,14.72,18205,0.0,0.0,0.0,0.0,0.0
2014-06-04 16:00:00-04:00,14.66,14.68,14.51,14.65,16091,0.0,0.0,0.0,0.0,0.0
2014-06-05 16:00:00-04:00,14.64,14.7,14.48,14.7,26992,0.0,0.0,0.0,0.0,0.0
2014-06-06 16:00:00-04:00,14.69,14.89,14.69,14.8824,26314,0.0,0.0,0.0,0.0,0.0
2014-06-09 16:00:00-04:00,14.89,14.89,14.56,14.6,39257,0.0,0.0,0.0,0.0,0.0
2014-06-10 16:00:00-04:00,14.63,14.72,14.5936,14.65,18606,0.0,0.0,0.0,0.0,0.0
2014-06-11 16:00:00-04:00,14.58,14.715,14.58,14.62,19507,0.0,0.0,0.0,0.0,0.0
2014-06-12 16:00:00-04:00,14.72,14.72,14.52,14.55,19957,0.0,0.0,0.0,0.0,0.0
2014-06-13 16:00:00-04:00,14.71,14.71,14.55,14.64,25131,0.0,0.0,0.0,0.0,0.0
2014-06-16 16:00:00-04:00,14.7,14.7,14.61,14.63,18930,0.0,0.0,0.0,0.0,0.0
2014-06-17 16:00:00-04:00,14.7,14.7,14.57,14.66,16452,0.0,0.0,0.0,0.0,0.0
2014-06-18 16:00:00-04:00,14.71,14.82,14.65,14.82,16297,0.0,0.0,0.0,0.0,0.0
2014-06-19 16:00:00-04:00,14.75,14.8,14.72,14.8,13371,0.0,0.0,0.0,0.0,0.0
2014-06-20 16:00:00-04:00,14.87,14.87,14.65,14.78,32149,0.0,0.0,0.0,0.0,0.0
2014-06-23 16:00:00-04:00,14.79,14.8,14.66,14.71,12584,0.0,0.0,0.0,0.0,0.0
2014-06-24 16:00:00-04:00,14.75,14.79,14.694,14.75,22047,0.0,0.0,0.0,0.0,0.0
2014-06-25 16:00:00-04:00,14.75,14.7601,14.71,14.7601,13431,0.0,0.0,0.0,0.0,0.0
2014-06-26 16:00:00-04:00,14.79,14.94,14.7,14.88,40265,0.0,0.0,0.0,0.0,0.0
2014-06-27 16:00:00-04:00,14.84,14.94,14.83,14.85,31913,0.0,0.0,0.0,0.0,0.0
2014-06-30 16:00:00-04:00,14.84,14.92,14.84,14.85,12342,0.0,0.0,0.0,0.0,0.0
2014-07-01 16:00:00-04:00,14.83,14.93,14.66,14.92,18823,0.0,0.0,0.0,0.0,0.0
2014-07-02 16:00:00-04:00,14.87,14.9486,14.85,14.9,12241,0.0,0.0,0.0,0.0,0.0
2014-07-03 16:00:00-04:00,14.95,14.95,14.8501,14.94,7251,0.0,0.0,0.0,0.0,0.0
2014-07-07 16:00:00-04:00,14.86,14.95,14.86,14.94,24674,0.0,0.0,0.0,0.0,0.0
2014-07-08 16:00:00-04:00,14.84,14.85,14.7,14.72,8183,0.0,0.0,0.0,0.0,0.0
2014-07-09 16:00:00-04:00,14.72,14.8,14.72,14.78,13201,0.0,0.0,0.0,0.0,0.0
2014-07-10 16:00:00-04:00,14.74,14.74,14.67,14.6902,16081,0.0,0.0,0.0,0.0,0.0
2014-07-11 16:00:00-04:00,14.73,14.82,14.686,14.78,14463,0.0,0.0,0.0,0.0,0.0
2014-07-14 16:00:00-04:00,14.76,15.0,14.76,15.0,9918,0.0,0.0,0.0,0.0,0.0
2014-07-15 16:00:00-04:00,14.95,14.95,14.73,14.74,29648,0.0,0.0,0.0,0.0,0.0
2014-07-16 16:00:00-04:00,14.78,14.86,14.72,14.74,30276,0.0,0.0,0.0,0.0,0.0
2014-07-17 16:00:00-04:00,14.76,14.76,14.53,14.533,15567,0.0,0.0,0.0,0.0,0.0
2014-07-18 16:00:00-04:00,14.59,14.629,14.42,14.51,54841,0.0,0.0,0.0,0.0,0.0
2014-07-21 16:00:00-04:00,14.43,14.56,14.42,14.54,32155,0.0,0.0,0.0,0.0,0.0
2014-07-22 16:00:00-04:00,14.5,14.61,14.5,14.6,10951,0.0,0.0,0.0,0.0,0.0
2014-07-23 16:00:00-04:00,14.67,14.76,14.61,14.76,18685,0.0,0.0,0.0,0.0,0.0
2014-07-24 16:00:00-04:00,14.75,14.75,14.72,14.72,11015,0.0,0.0,0.0,0.0,0.0
2014-07-25 16:00:00-04:00,14.69,14.724,14.65,14.71,10284,0.0,0.0,0.0,0.0,0.0
2014-07-28 16:00:00-04:00,14.76,14.76,14.64,14.65,7024,0.0,0.0,0.0,0.0,0.0
2014-07-29 16:00:00-04:00,14.66,14.69,14.64,14.69,11192,0.0,0.0,0.0,0.0,0.0
2014-07-30 16:00:00-04:00,14.77,14.77,14.55,14.58,15101,0.0,0.0,0.0,0.0,0.0
2014-07-31 16:00:00-04:00,14.5,14.55,14.09,14.14,41114,0.0,0.0,0.0,0.0,0.0
2014-08-01 16:00:00-04:00,14.1,14.2099,14.03,14.04,35880,0.0,0.0,0.0,0.0,0.0
2014-08-04 16:00:00-04:00,14.06,14.1,14.03,14.05,12070,0.0,0.0,0.0,0.0,0.0
2014-08-05 16:00:00-04:00,14.09,14.23,13.91,14.23,21977,0.0,0.0,0.0,0.0,0.0
2014-08-06 16:00:00-04:00,14.13,14.14,14.0,14.14,17260,0.0,0.0,0.0,0.0,0.0
2014-08-07 16:00:00-04:00,14.09,14.1592,13.96,14.005,22942,0.0,0.0,0.0,0.0,0.0
2014-08-08 16:00:00-04:00,13.83,13.99,13.81,13.93,21359,0.0,0.0,0.0,0.0,0.0
2014-08-11 16:00:00-04:00,14.0,14.1,13.91,14.1,8139,0.0,0.0,0.0,0.0,0.0
2014-08-12 16:00:00-04:00,14.02,14.14,14.019,14.1,16213,0.0,0.0,0.0,0.0,0.0
2014-08-13 16:00:00-04:00,14.17,14.25,14.093,14.21,20179,0.0,0.0,0.0,0.0,0.0
2014-08-14 16:00:00-04:00,14.25,14.52,14.24,14.52,13636,0.0,0.0,0.0,0.0,0.0
2014-08-15 16:00:00-04:00,14.45,14.45,14.21,14.29,22488,0.0,0.0,0.0,0.0,0.0
2014-08-18 16:00:00-04:00,14.3,14.38,14.28,14.28,26595,0.0,0.0,0.0,0.0,0.0
2014-08-19 16:00:00-04:00,14.25,14.4058,14.25,14.36,10871,0.0,0.0,0.0,0.0,0.0
2014-08-20 16:00:00-04:00,14.32,14.47,14.32,14.41,10212,0.0,0.0,0.0,0.0,0.0
2014-08-21 16:00:00-04:00,14.41,14.48,14.3595,14.47,30630,0.0,0.0,0.0,0.0,0.0
2014-08-22 16:00:00-04:00,14.41,14.4299,14.378,14.38,7639,0.0,0.0,0.0,0.0,0.0
2014-08-25 16:00:00-04:00,14.43,14.54,14.36,14.54,17431,0.0,0.0,0.0,0.0,0.0
2014-08-26 16:00:00-04:00,14.53,14.53,14.43,14.47,27996,0.0,0.0,0.0,0.0,0.0
2014-08-27 16:00:00-04:00,14.54,14.54,14.45,14.5,7675,0.0,0.0,0.0,0.0,0.0
2014-08-28 16:00:00-04:00,14.41,14.48,14.38,14.39,18508,0.0,0.0,0.0,0.0,0.0
2014-08-29 16:00:00-04:00,14.4,14.47,14.38,14.47,17365,0.0,0.0,0.0,0.0,0.0
2014-09-02 16:00:00-04:00,14.52,14.57,14.47,14.57,19493,0.0,0.0,0.0,0.0,0.0
2014-09-03 16:00:00-04:00,14.5,14.5815,14.49,14.53,22731,0.0,0.0,0.0,0.0,0.0
2014-09-04 16:00:00-04:00,14.49,14.54,14.45,14.46,11636,0.0,0.0,0.0,0.0,0.0
2014-09-05 16:00:00-04:00,14.45,14.47,14.4,14.44,9089,0.0,0.0,0.0,0.0,0.0
2014-09-08 16:00:00-04:00,14.36,14.4,14.24,14.33,18231,0.0,0.0,0.0,0.0,0.0
2014-09-09 16:00:00-04:00,14.26,14.26,14.15,14.17,9456,0.0,0.0,0.0,0.0,0.0
2014-09-10 16:00:00-04:00,14.25,14.28,14.19,14.27,18571,0.0,0.0,0.0,0.0,0.0
2014-09-11 16:00:00-04:00,14.27,14.27,14.2,14.25,16545,0.0,0.0,0.0,0.0,0.0
2014-09-12 16:00:00-04:00,14.2,14.2537,13.97,14.04,23129,0.0,0.0,0.0,0.0,0.0
2014-09-15 16:00:00-04:00,14.11,14.39,14.04,14.11,84125,0.0,0.0,0.0,0.0,0.0
2014-09-16 16:00:00-04:00,14.13,14.34,14.05,14.27,33855,0.0,0.0,0.0,0.0,0.0
2014-09-17 16:00:00-04:00,14.3,14.33,14.12,14.13,25144,0.0,0.0,0.0,0.0,0.0
2014-09-18 16:00:00-04:00,14.12,14.28,14.12,14.16,29195,0.0,0.0,0.0,0.0,0.0
2014-09-19 16:00:00-04:00,14.24,14.28,14.09,14.19,25304,0.0,0.0,0.0,0.0,0.0
2014-09-22 16:00:00-04:00,14.11,14.12,14.0,14.03,19518,0.0,0.0,0.0,0.0,0.0
2014-09-23 16:00:00-04:00,14.04,14.09,13.91,14.01,17048,0.0,0.0,0.0,0.0,0.0
2014-09-24 16:00:00-04:00,13.96,14.14,13.92,14.14,10747,0.0,0.0,0.0,0.0,0.0
2014-09-25 16:00:00-04:00,14.15,14.16,13.9,13.99,37953,0.0,0.0,0.0,0.0,0.0
2014-09-26 16:00:00-04:00,13.95,14.0,13.88,14.0,22881,0.0,0.0,0.0,0.0,0.0
2014-09-29 16:00:00-04:00,13.85,13.9,13.77,13.88,25514,0.0,0.0,0.0,0.0,0.0
2014-09-30 16:00:00-04:00,13.84,13.95,13.77,13.88,22716,0.0,0.0,0.0,0.0,0.0
2014-10-01 16:00:00-04:00,13.8,13.86,13.57,13.58,35107,0.0,0.0,0.0,0.0,0.0
2014-10-02 16:00:00-04:00,13.6,13.6,13.26,13.45,27751,0.0,0.0,0.0,0.0,0.0
2014-10-03 16:00:00-04:00,13.38,13.485,13.36,13.42,32564,0.0,0.0,0.0,0.0,0.0
2014-10-06 16:00:00-04:00,13.42,13.59,13.42,13.59,23966,0.0,0.0,0.0,0.0,0.0
2014-10-07 16:00:00-04:00,13.36,13.39,13.21,13.25,48095,0.0,0.0,0.0,0.0,0.0
2014-10-08 16:00:00-04:00,13.17,13.35,13.13,13.34,42446,0.0,0.0,0.0,0.0,0.0
2014-10-09 16:00:00-04:00,13.32,13.32,13.1,13.16,29424,0.0,0.0,0.0,0.0,0.0
2014-10-10 16:00:00-04:00,13.1,13.16,12.73,12.9,69157,0.0,0.0,0.0,0.0,0.0
2014-10-13 16:00:00-04:00,12.8,12.95,12.3,12.47,54236,0.0,0.0,0.0,0.0,0.0
2014-10-14 16:00:00-04:00,12.57,12.66,12.37,12.52,38341,0.0,0.0,0.0,0.0,0.0
2014-10-15 16:00:00-04:00,12.38,12.41,11.52,12.27,72988,0.0,0.0,0.0,0.0,0.0
2014-10-16 16:00:00-04:00,12.18,12.58,11.9901,12.55,53538,0.0,0.0,0.0,0.0,0.0
2014-10-17 16:00:00-04:00,12.53,13.09,12.53,12.82,41720,0.0,0.0,0.0,0.0,0.0
2014-10-20 16:00:00-04:00,12.8,12.94,12.79,12.9,32264,0.0,0.0,0.0,0.0,0.0
2014-10-21 16:00:00-04:00,13.0,13.12,13.0,13.12,19287,0.0,0.0,0.0,0.0,0.0
2014-10-22 16:00:00-04:00,13.12,13.35,13.12,13.185,32107,0.0,0.0,0.0,0.0,0.0
2014-10-23 16:00:00-04:00,13.34,13.49,13.29,13.3975,38676,0.0,0.0,0.0,0.0,0.0
2014-10-24 16:00:00-04:00,13.47,13.59,13.44,13.53,15406,0.0,0.0,0.0,0.0,0.0
2014-10-27 16:00:00-04:00,13.56,13.56,13.39,13.4,26677,0.0,0.0,0.0,0.0,0.0
2014-10-28 16:00:00-04:00,13.53,13.64,13.4636,13.61,22246,0.0,0.0,0.0,0.0,0.0
2014-10-29 16:00:00-04:00,13.56,13.72,13.51,13.72,19341,0.0,0.0,0.0,0.0,0.0
2014-10-30 16:00:00-04:00,13.61,13.63,13.48,13.51,30917,0.0,0.0,0.0,0.0,0.0
2014-10-31 16:00:00-04:00,13.56,13.8,13.56,13.62,35334,0.0,0.0,0.0,0.0,0.0
2014-11-03 16:00:00-05:00,13.56,13.65,13.55,13.59,18916,0.0,0.0,0.0,0.0,0.0
2014-11-04 16:00:00-05:00,13.55,13.6099,13.47,13.49,19008,0.0,0.0,0.0,0.0,0.0
2014-11-05 16:00:00-05:00,13.49,13.57,13.49,13.57,27788,0.0,0.0,0.0,0.0,0.0
2014-11-06 16:00:00-05:00,13.46,13.59,13.43,13.59,33044,0.0,0.0,0.0,0.0,0.0
2014-11-07 16:00:00-05:00,13.5,13.55,13.4,13.48,16402,0.0,0.0,0.0,0.0,0.0
2014-11-10 16:00:00-05:00,13.5,13.58,13.43,13.56,18014,0.0,0.0,0.0,0.0,0.0
2014-11-11 16:00:00-05:00,13.46,13.67,13.46,13.67,21640,0.0,0.0,0.0,0.0,0.0
2014-11-12 16:00:00-05:00,13.57,13.66,13.52,13.583,17524,0.0,0.0,0.0,0.0,0.0
2014-11-13 16:00:00-05:00,13.58,13.72,13.58,13.67,18300,0.0,0.0,0.0,0.0,0.0
2014-11-14 16:00:00-05:00,13.74,13.74,13.6401,13.74,13400,0.0,0.0,0.0,0.0,0.0
2014-11-17 16:00:00-05:00,13.75,13.79,13.71,13.78,29941,0.0,0.0,0.0,0.0,0.0
2014-11-18 16:00:00-05:00,13.78,13.91,13.7799,13.8,22878,0.0,0.0,0.0,0.0,0.0
2014-11-19 16:00:00-05:00,13.79,13.89,13.77,13.88,18482,0.0,0.0,0.0,0.0,0.0
2014-11-20 16:00:00-05:00,13.9,13.93,13.83,13.88,19948,0.0,0.0,0.0,0.0,0.0
2014-11-21 16:00:00-05:00,14.03,14.03,13.88,13.99,19808,0.0,0.0,0.0,0.0,0.0
2014-11-24 16:00:00-05:00,13.99,14.09,13.98,14.07,15759,0.0,0.0,0.0,0.0,0.0
2014-11-25 16:00:00-05:00,14.16,14.17,14.06,14.12,44438,0.0,0.0,0.0,0.0,0.0
2014-11-26 16:00:00-05:00,14.18,14.32,14.09,14.29,35622,0.0,0.0,0.0,0.0,0.0
2014-11-28 16:00:00-05:00,14.29,14.29,14.0601,14.2399,5503,0.0,0.0,0.0,0.0,0.0
2014-12-01 16:00:00-05:00,14.21,14.21,13.95,14.01,25497,0.0,0.0,0.0,0.0,0.0
2014-12-02 16:00:00-05:00,14.03,14.0688,13.8715,14.04,23566,0.0,0.0,0.0,0.0,0.0
2014-12-03 16:00:00-05:00,13.97,14.1,13.97,14.07,15821,0.0,0.0,0.0,0.0,0.0
2014-12-04 16:00:00-05:00,14.01,14.0572,13.9012,13.9012,17137,0.0,0.0,0.0,0.0,0.0
2014-12-05 16:00:00-05:00,13.99,14.0,13.913,13.93,20797,0.0,0.0,0.0,0.0,0.0
2014-12-08 16:00:00-05:00,13.84,13.84,13.6,13.8,16619,0.0,0.0,0.0,0.0,0.0
2014-12-09 16:00:00-05:00,13.54,13.5701,13.47,13.53,26749,0.0,0.0,0.0,0.0,0.0
2014-12-10 16:00:00-05:00,13.55,13.57,13.46,13.4901,34835,0.0,0.0,0.0,0.0,0.0
2014-12-11 16:00:00-05:00,13.57,13.67,13.54,13.58,27836,0.0,0.0,0.0,0.0,0.0
2014-12-12 16:00:00-05:00,13.5,13.5,13.26,13.3,25021,0.0,0.0,0.0,0.0,0.0
2014-12-15 16:00:00-05:00,13.34,13.41,13.0501,13.19,32086,0.0,0.0,0.0,0.0,0.0
2014-12-16 16:00:00-05:00,13.15,13.15,12.74,12.77,104267,0.0,0.0,0.0,0.0,0.0
2014-12-17 16:00:00-05:00,12.81,12.9599,12.81,12.9448,22638,0.0,0.0,0.0,0.0,0.0
2014-12-18 16:00:00-05:00,13.12,13.29,12.95,13.22,22798,0.0,0.0,0.0,0.0,0.0
2014-12-19 16:00:00-05:00,13.27,13.5,13.27,13.5,34682,0.0,0.0,0.0,0.0,0.0
2014-12-22 16:00:00-05:00,13.46,13.75,13.46,13.75,38249,0.0,0.0,0.0,0.0,0.0
2014-12-23 16:00:00-05:00,13.75,13.75,13.53,13.74,21711,0.0,0.0,0.0,0.0,0.0
2014-12-24 16:00:00-05:00,13.78,13.79,13.547,13.64,13630,0.0,0.0,0.0,0.0,0.0
2014-12-26 16:00:00-05:00,13.61,13.73,13.56,13.71,25018,0.0,0.0,0.0,0.0,0.0
2014-12-29 16:00:00-05:00,13.57,13.65,13.51,13.52,33641,0.0,0.0,0.0,0.0,0.0
2014-12-30 16:00:00-05:00,13.4,13.48,13.35,13.42,33775,0.0,0.0,0.0,0.0,0.0
2014-12-31 16:00:00-05:00,13.36,13.5,13.16,13.22,63946,0.0,0.0,0.0,0.0,0.0
2015-01-02 16:00:00-05:00,13.25,13.35,13.0644,13.134,20199,0.0,0.0,0.0,0.0,0.0
2015-01-05 16:00:00-05:00,13.01,13.01,12.81,12.88,24341,0.0,0.0,0.0,0.0,0.0
2015-01-06 16:00:00-05:00,12.98,13.0074,12.71,12.75,37972,0.0,0.0,0.0,0.0,0.0
2015-01-07 16:00:00-05:00,12.9,13.01,12.84,12.98,35739,0.0,0.0,0.0,0.0,0.0
2015-01-08 16:00:00-05:00,13.08,13.34,13.05,13.19,15860,0.0,0.0,0.0,0.0,0.0
2015-01-09 16:00:00-05:00,13.16,13.2099,13.06,13.08,16002,0.0,0.0,0.0,0.0,0.0
2015-01-12 16:00:00-05:00,13.11,13.11,13.01,13.08,29772,0.0,0.0,0.0,0.0,0.0
2015-01-13 16:00:00-05:00,13.16,13.2299,12.98,13.17,16642,0.0,0.0,0.0,0.0,0.0
2015-01-14 16:00:00-05:00,12.9,13.03,12.85,12.91,20817,0.0,0.0,0.0,0.0,0.0
2015-01-15 16:00:00-05:00,13.02,13.15,12.72,12.72,31172,0.0,0.0,0.0,0.0,0.0
2015-01-16 16:00:00-05:00,12.83,12.9499,12.8,12.9499,20150,0.0,0.0,0.0,0.0,0.0
2015-01-20 16:00:00-05:00,13.06,13.06,12.9001,13.0,19564,0.0,0.0,0.0,0.0,0.0
2015-01-21 16:00:00-05:00,13.0,13.13,13.0,13.1,28996,0.0,0.0,0.0,0.0,0.0
2015-01-22 16:00:00-05:00,13.23,13.31,13.17,13.309,21985,0.0,0.0,0.0,0.0,0.0
2015-01-23 16:00:00-05:00,13.27,13.37,13.25,13.26,14396,0.0,0.0,0.0,0.0,0.0
2015-01-26 16:00:00-05:00,13.2,13.49,13.2,13.4,33241,0.0,0.0,0.0,0.0,0.0
2015-01-27 16:00:00-05:00,13.32,13.32,13.2,13.28,33007,0.0,0.0,0.0,0.0,0.0
2015-01-28 16:00:00-05:00,13.38,13.38,13.01,13.07,31331,0.0,0.0,0.0,0.0,0.0
2015-01-29 16:00:00-05:00,13.07,13.13,13.0,13.09,23195,0.0,0.0,0.0,0.0,0.0
2015-01-30 16:00:00-05:00,13.07,13.144,12.98,13.01,29969,0.0,0.0,0.0,0.0,0.0
2015-02-02 16:00:00-05:00,13.16,13.16,12.98,13.1,26704,0.0,0.0,0.0,0.0,0.0
2015-02-03 16:00:00-05:00,13.22,13.31,13.18,13.28,25211,0.0,0.0,0.0,0.0,0.0
2015-02-04 16:00:00-05:00,13.27,13.33,13.2,13.24,34057,0.0,0.0,0.0,0.0,0.0
2015-02-05 16:00:00-05:00,13.24,13.33,13.21,13.24,26559,0.0,0.0,0.0,0.0,0.0
2015-02-06 16:00:00-05:00,13.23,13.25,13.11,13.16,20086,0.0,0.0,0.0,0.0,0.0
2015-02-09 16:00:00-05:00,13.05,13.16,12.97,12.97,24876,0.0,0.0,0.0,0.0,0.0
2015-02-10 16:00:00-05:00,13.01,13.14,13.01,13.14,24039,0.0,0.0,0.0,0.0,0.0
2015-02-11 16:00:00-05:00,13.08,13.25,13.08,13.21,29978,0.0,0.0,0.0,0.0,0.0
2015-02-12 16:00:00-05:00,13.29,13.47,13.29,13.47,19863,0.0,0.0,0.0,0.0,0.0
2015-02-13 16:00:00-05:00,13.4,13.51,13.34,13.38,33633,0.0,0.0,0.0,0.0,0.0
2015-02-17 16:00:00-05:00,13.46,13.46,13.36,13.4,19977,0.0,0.0,0.0,0.0,0.0
2015-02-18 16:00:00-05:00,13.4,13.4,13.34,13.35,10566,0.0,0.0,0.0,0.0,0.0
2015-02-19 16:00:00-05:00,13.27,13.4,13.27,13.39,12084,0.0,0.0,0.0,0.0,0.0
2015-02-20 16:00:00-05:00,13.39,13.49,13.33,13.48,18804,0.0,0.0,0.0,0.0,0.0
2015-02-23 16:00:00-05:00,13.37,13.48,13.37,13.48,27894,0.0,0.0,0.0,0.0,0.0
2015-02-24 16:00:00-05:00,13.46,13.57,13.46,13.54,23702,0.0,0.0,0.0,0.0,0.0
2015-02-25 16:00:00-05:00,13.57,13.62,13.52,13.6099,16878,0.0,0.0,0.0,0.0,0.0
2015-02-26 16:00:00-05:00,13.51,13.6485,13.51,13.6,28384,0.0,0.0,0.0,0.0,0.0
2015-02-27 16:00:00-05:00,13.54,13.75,13.54,13.7,21464,0.0,0.0,0.0,0.0,0.0
2015-03-02 16:00:00-05:00,13.73,13.76,13.68,13.754,26955,0.0,0.0,0.0,0.0,0.0
2015-03-03 16:00:00-05:00,13.77,13.81,13.67,13.74,16331,0.0,0.0,0.0,0.0,0.0
2015-03-04 16:00:00-05:00,13.76,13.79,13.65,13.79,9251,0.0,0.0,0.0,0.0,0.0
2015-03-05 16:00:00-05:00,13.78,13.8099,13.6956,13.76,21314,0.0,0.0,0.0,0.0,0.0
2015-03-06 16:00:00-05:00,13.63,13.8,13.52,13.55,25025,0.0,0.0,0.0,0.0,0.0
2015-03-09 16:00:00-04:00,13.52,13.6,13.4701,13.56,11400,0.0,0.0,0.0,0.0,0.0
2015-03-10 16:00:00-04:00,13.41,13.55,13.3,13.3101,25108,0.0,0.0,0.0,0.0,0.0
2015-03-11 16:00:00-04:00,13.28,13.37,13.28,13.31,16822,0.0,0.0,0.0,0.0,0.0
2015-03-12 16:00:00-04:00,13.38,13.499,13.37,13.46,15795,0.0,0.0,0.0,0.0,0.0
2015-03-13 16:00:00-04:00,13.47,13.47,13.35,13.43,9854,0.0,0.0,0.0,0.0,0.0
2015-03-16 16:00:00-04:00,13.5,13.64,13.47,13.58,25630,0.0,0.0,0.0,0.0,0.0
2015-03-17 16:00:00-04:00,13.62,13.62,13.465,13.55,16642,0.0,0.0,0.0,0.0,0.0
2015-03-18 16:00:00-04:00,13.54,13.762,13.43,13.66,55264,0.0,0.0,0.0,0.0,0.0
2015-03-19 16:00:00-04:00,13.68,13.71,13.62,13.71,16564,0.0,0.0,0.0,0.0,0.0
2015-03-20 16:00:00-04:00,13.75,13.8,13.67,13.72,36863,0.0,0.0,0.0,0.0,0.0
2015-03-23 16:00:00-04:00,13.75,13.8,13.741,13.79,9210,0.0,0.0,0.0,0.0,0.0
2015-03-24 16:00:00-04:00,13.78,13.78,13.63,13.65,17034,0.0,0.0,0.0,0.0,0.0
2015-03-25 16:00:00-04:00,13.68,13.68,13.5,13.58,58567,0.0,0.0,0.0,0.0,0.0
2015-03-26 16:00:00-04:00,13.49,13.5394,13.42,13.42,37185,0.0,0.0,0.0,0.0,0.0
2015-03-27 16:00:00-04:00,13.36,13.53,13.36,13.46,16012,0.0,0.0,0.0,0.0,0.0
2015-03-30 16:00:00-04:00,13.57,13.6622,13.44,13.6001,27447,0.0,0.0,0.0,0.0,0.0
2015-03-31 16:00:00-04:00,13.48,13.58,13.46,13.51,29998,0.0,0.0,0.0,0.0,0.0
2015-04-01 16:00:00-04:00,13.55,13.55,13.4,13.46,19662,0.0,0.0,0.0,0.0,0.0
2015-04-02 16:00:00-04:00,13.5,13.61,13.39,13.45,19262,0.0,0.0,0.0,0.0,0.0
2015-04-06 16:00:00-04:00,13.33,13.63,13.33,13.63,25351,0.0,0.0,0.0,0.0,0.0
2015-04-07 16:00:00-04:00,13.67,13.69,13.56,13.69,52948,0.0,0.0,0.0,0.0,0.0
2015-04-08 16:00:00-04:00,13.55,13.7,13.46,13.63,87456,0.0,0.0,0.0,0.0,0.0
2015-04-09 16:00:00-04:00,13.7,13.76,13.59,13.64,31619,0.0,0.0,0.0,0.0,0.0
2015-04-10 16:00:00-04:00,13.75,13.81,13.71,13.76,24449,0.0,0.0,0.0,0.0,0.0
2015-04-13 16:00:00-04:00,13.81,13.85,13.66,13.7,19400,0.0,0.0,0.0,0.0,0.0
2015-04-14 16:00:00-04:00,13.65,13.85,13.65,13.85,28173,0.0,0.0,0.0,0.0,0.0
2015-04-15 16:00:00-04:00,13.9,13.9,13.75,13.7801,30594,0.0,0.0,0.0,0.0,0.0
2015-04-16 16:00:00-04:00,13.83,14.0,13.77,14.0,31605,0.0,0.0,0.0,0.0,0.0
2015-04-17 16:00:00-04:00,13.84,13.84,13.71,13.75,22557,0.0,0.0,0.0,0.0,0.0
2015-04-20 16:00:00-04:00,13.78,13.83,13.74,13.79,18545,0.0,0.0,0.0,0.0,0.0
2015-04-21 16:00:00-04:00,13.73,13.7873,13.68,13.68,31751,0.0,0.0,0.0,0.0,0.0
2015-04-22 16:00:00-04:00,13.8,13.89,13.7,13.89,29102,0.0,0.0,0.0,0.0,0.0
2015-04-23 16:00:00-04:00,13.92,14.0486,13.91,13.9801,19663,0.0,0.0,0.0,0.0,0.0
2015-04-24 16:00:00-04:00,14.01,14.04,13.92,14.03,13806,0.0,0.0,0.0,0.0,0.0
2015-04-27 16:00:00-04:00,14.01,14.07,13.93,13.98,12686,0.0,0.0,0.0,0.0,0.0
2015-04-28 16:00:00-04:00,13.96,14.1,13.94,14.1,25082,0.0,0.0,0.0,0.0,0.0
2015-04-29 16:00:00-04:00,14.1,14.1,13.97,14.06,21590,0.0,0.0,0.0,0.0,0.0
2015-04-30 16:00:00-04:00,14.01,14.01,13.9,13.91,11663,0.0,0.0,0.0,0.0,0.0
2015-05-01 16:00:00-04:00,14.0,14.0,13.9,13.94,9887,0.0,0.0,0.0,0.0,0.0
2015-05-04 16:00:00-04:00,13.97,13.97,13.93,13.93,6884,0.0,0.0,0.0,0.0,0.0
2015-05-05 16:00:00-04:00,13.89,13.93,13.74,13.79,29109,0.0,0.0,0.0,0.0,0.0
2015-05-06 16:00:00-04:00,13.88,13.88,13.74,13.8,19241,0.0,0.0,0.0,0.0,0.0
2015-05-07 16:00:00-04:00,13.85,13.85,13.75,13.82,19456,0.0,0.0,0.0,0.0,0.0
2015-05-08 16:00:00-04:00,13.87,13.93,13.82,13.87,10131,0.0,0.0,0.0,0.0,0.0
2015-05-11 16:00:00-04:00,13.91,13.91,13.7301,13.75,15077,0.0,0.0,0.0,0.0,0.0
2015-05-12 16:00:00-04:00,13.77,13.8,13.7,13.79,19877,0.0,0.0,0.0,0.0,0.0
2015-05-13 16:00:00-04:00,13.78,13.85,13.75,13.79,13852,0.0,0.0,0.0,0.0,0.0
2015-05-14 16:00:00-04:00,13.89,13.89,13.76,13.88,16635,0.0,0.0,0.0,0.0,0.0
2015-05-15 16:00:00-04:00,13.97,14.03,13.78,13.9,15594,0.0,0.0,0.0,0.0,0.0
2015-05-18 16:00:00-04:00,13.91,14.0,13.9,13.97,21649,0.0,0.0,0.0,0.0,0.0
2015-05-19 16:00:00-04:00,13.96,13.99,13.9,13.99,17387,0.0,0.0,0.0,0.0,0.0
2015-05-20 16:00:00-04:00,13.95,14.0,13.88,13.88,12445,0.0,0.0,0.0,0.0,0.0
2015-05-21 16:00:00-04:00,13.94,14.02,13.94,14.01,10756,0.0,0.0,0.0,0.0,0.0
2015-05-22 16:00:00-04:00,14.01,14.07,13.8,13.86,18226,0.0,0.0,0.0,0.0,0.0
2015-05-26 16:00:00-04:00,13.89,13.89,13.67,13.73,15389,0.0,0.0,0.0,0.0,0.0
2015-05-27 16:00:00-04:00,13.73,13.9,13.719,13.83,19912,0.0,0.0,0.0,0.0,0.0
2015-05-28 16:00:00-04:00,13.87,13.91,13.78,13.89,16246,0.0,0.0,0.0,0.0,0.0
2015-05-29 16:00:00-04:00,13.81,13.85,13.8,13.8,14272,0.0,0.0,0.0,0.0,0.0
2015-06-01 16:00:00-04:00,13.9,14.03,13.76,13.79,27379,0.0,0.0,0.0,0.0,0.0
2015-06-02 16:00:00-04:00,13.83,14.01,13.795,13.88,22766,0.0,0.0,0.0,0.0,0.0
2015-06-03 16:00:00-04:00,13.95,13.98,13.87,13.93,12648,0.0,0.0,0.0,0.0,0.0
2015-06-04 16:00:00-04:00,13.93,13.96,13.79,13.84,31503,0.0,0.0,0.0,0.0,0.0
2015-06-05 16:00:00-04:00,13.76,13.81,13.76,13.76,8801,0.0,0.0,0.0,0.0,0.0
2015-06-08 16:00:00-04:00,13.68,13.76,13.56,13.64,13414,0.0,0.0,0.0,0.0,0.0
2015-06-09 16:00:00-04:00,13.59,13.65,13.51,13.539,11799,0.0,0.0,0.0,0.0,0.0
2015-06-10 16:00:00-04:00,13.63,13.69,13.58,13.6,21696,0.0,0.0,0.0,0.0,0.0
2015-06-11 16:00:00-04:00,13.67,13.77,13.6,13.65,17831,0.0,0.0,0.0,0.0,0.0
2015-06-12 16:00:00-04:00,13.66,13.86,13.59,13.85,15668,0.0,0.0,0.0,0.0,0.0
2015-06-15 16:00:00-04:00,13.67,13.89,13.62,13.63,29873,0.0,0.0,0.0,0.0,0.0
2015-06-16 16:00:00-04:00,13.68,13.79,13.6428,13.68,20220,0.0,0.0,0.0,0.0,0.0
2015-06-17 16:00:00-04:00,13.71,13.79,13.62,13.63,18830,0.0,0.0,0.0,0.0,0.0
2015-06-18 16:00:00-04:00,13.7,13.78,13.678,13.73,20855,0.0,0.0,0.0,0.0,0.0
2015-06-19 16:00:00-04:00,13.78,13.78,13.61,13.7,26462,0.0,0.0,0.0,0.0,0.0
2015-06-22 16:00:00-04:00,13.71,13.93,13.7,13.7227,26842,0.0,0.0,0.0,0.0,0.0
2015-06-23 16:00:00-04:00,13.8,13.86,13.7899,13.86,13508,0.0,0.0,0.0,0.0,0.0
2015-06-24 16:00:00-04:00,13.87,13.93,13.6301,13.92,26491,0.0,0.0,0.0,0.0,0.0
2015-06-25 16:00:00-04:00,13.95,13.96,13.8001,13.8101,14462,0.0,0.0,0.0,0.0,0.0
2015-06-26 16:00:00-04:00,13.89,13.95,13.7217,13.86,25508,0.0,0.0,0.0,0.0,0.0
2015-06-29 16:00:00-04:00,13.73,13.79,13.43,13.44,22850,0.0,0.0,0.0,0.0,0.0
2015-06-30 16:00:00-04:00,13.5,13.5,13.33,13.41,27350,0.0,0.0,0.0,0.0,0.0
2015-07-01 16:00:00-04:00,13.6,13.81,13.47,13.67,24905,0.0,0.0,0.0,0.0,0.0
2015-07-02 16:00:00-04:00,13.77,13.8,13.55,13.56,15408,0.0,0.0,0.0,0.0,0.0
2015-07-06 16:00:00-04:00,13.39,13.7,13.39,13.45,10289,0.0,0.0,0.0,0.0,0.0
2015-07-07 16:00:00-04:00,13.44,13.51,13.32,13.48,17960,0.0,0.0,0.0,0.0,0.0
2015-07-08 16:00:00-04:00,13.42,13.42,13.16,13.25,21990,0.0,0.0,0.0,0.0,0.0
2015-07-09 16:00:00-04:00,13.64,13.64,13.25,13.28,22769,0.0,0.0,0.0,0.0,0.0
2015-07-10 16:00:00-04:00,13.31,13.5699,13.31,13.43,11372,0.0,0.0,0.0,0.0,0.0
2015-07-13 16:00:00-04:00,13.57,13.71,13.48,13.53,18333,0.0,0.0,0.0,0.0,0.0
2015-07-14 16:00:00-04:00,13.56,13.71,13.5,13.684,9787,0.0,0.0,0.0,0.0,0.0
2015-07-15 16:00:00-04:00,13.75,13.75,13.6447,13.69,12737,0.0,0.0,0.0,0.0,0.0
2015-07-16 16:00:00-04:00,13.83,13.83,13.65,13.79,19263,0.0,0.0,0.0,0.0,0.0
2015-07-17 16:00:00-04:00,13.72,13.77,13.5936,13.77,7826,0.0,0.0,0.0,0.0,0.0
2015-07-20 16:00:00-04:00,13.75,13.92,13.75,13.7634,8738,0.0,0.0,0.0,0.0,0.0
2015-07-21 16:00:00-04:00,13.69,13.92,13.6161,13.91,26609,0.0,0.0,0.0,0.0,0.0
2015-07-22 16:00:00-04:00,13.78,13.93,13.69,13.78,34104,0.0,0.0,0.0,0.0,0.0
2015-07-23 16:00:00-04:00,13.82,13.88,13.6001,13.6001,32833,0.0,0.0,0.0,0.0,0.0
2015-07-24 16:00:00-04:00,13.68,13.8199,13.43,13.64,21586,0.0,0.0,0.0,0.0,0.0
2015-07-27 16:00:00-04:00,13.41,13.41,13.09,13.15,33785,0.0,0.0,0.0,0.0,0.0
2015-07-28 16:00:00-04:00,13.18,13.32,13.0,13.12,39693,0.0,0.0,0.0,0.0,0.0
2015-07-29 16:00:00-04:00,13.13,13.39,13.04,13.35,20154,0.0,0.0,0.0,0.0,0.0
2015-07-30 16:00:00-04:00,13.25,13.28,13.12,13.22,23136,0.0,0.0,0.0,0.0,0.0
2015-07-31 16:00:00-04:00,13.32,13.45,13.21,13.35,21471,0.0,0.0,0.0,0.0,0.0
2015-08-03 16:00:00-04:00,13.25,13.56,13.12,13.12,20349,0.0,0.0,0.0,0.0,0.0
2015-08-04 16:00:00-04:00,13.06,13.2699,13.06,13.1999,14598,0.0,0.0,0.0,0.0,0.0
2015-08-05 16:00:00-04:00,13.23,13.31,13.17,13.27,13572,0.0,0.0,0.0,0.0,0.0
2015-08-06 16:00:00-04:00,13.22,13.4191,13.04,13.31,77318,0.0,0.0,0.0,0.0,0.0
2015-08-07 16:00:00-04:00,13.21,13.27,12.81,12.861,19618,0.0,0.0,0.0,0.0,0.0
2015-08-10 16:00:00-04:00,12.87,13.13,12.87,13.0,19105,0.0,0.0,0.0,0.0,0.0
2015-08-11 16:00:00-04:00,13.01,13.085,12.95,13.01,12467,0.0,0.0,0.0,0.0,0.0
2015-08-12 16:00:00-04:00,12.93,13.0,12.81,12.82,16449,0.0,0.0,0.0,0.0,0.0
2015-08-13 16:00:00-04:00,12.82,13.0,12.82,12.82,16922,0.0,0.0,0.0,0.0,0.0
2015-08-14 16:00:00-04:00,12.92,12.946,12.7,12.79,23734,0.0,0.0,0.0,0.0,0.0
2015-08-17 16:00:00-04:00,12.83,12.89,12.77,12.83,38742,0.0,0.0,0.0,0.0,0.0
2015-08-18 16:00:00-04:00,12.83,12.89,12.66,12.66,22109,0.0,0.0,0.0,0.0,0.0
2015-08-19 16:00:00-04:00,12.73,12.75,12.54,12.54,27912,0.0,0.0,0.0,0.0,0.0
2015-08-20 16:00:00-04:00,12.5,12.57,12.37,12.38,32926,0.0,0.0,0.0,0.0,0.0
2015-08-21 16:00:00-04:00,12.27,12.38,11.87,11.93,43619,0.0,0.0,0.0,0.0,0.0
2015-08-24 16:00:00-04:00,11.29,11.7799,10.87,11.32,67397,0.0,0.0,0.0,0.0,0.0
2015-08-25 16:00:00-04:00,11.79,11.79,11.46,11.51,94045,0.0,0.0,0.0,0.0,0.0
2015-08-26 16:00:00-04:00,11.75,11.93,11.63,11.93,42885,0.0,0.0,0.0,0.0,0.0
2015-08-27 16:00:00-04:00,11.97,12.2,11.97,12.19,24220,0.0,0.0,0.0,0.0,0.0
2015-08-28 16:00:00-04:00,12.12,12.19,11.92,12.08,14655,0.0,0.0,0.0,0.0,0.0
2015-08-31 16:00:00-04:00,11.95,12.32,11.95,12.11,17704,0.0,0.0,0.0,0.0,0.0
2015-09-01 16:00:00-04:00,11.87,12.0,11.8089,11.83,29569,0.0,0.0,0.0,0.0,0.0
2015-09-02 16:00:00-04:00,11.94,12.035,11.93,11.94,12296,0.0,0.0,0.0,0.0,0.0
2015-09-03 16:00:00-04:00,12.0,12.15,12.0,12.058,16876,0.0,0.0,0.0,0.0,0.0
2015-09-04 16:00:00-04:00,11.87,11.92,11.82,11.88,13615,0.0,0.0,0.0,0.0,0.0
2015-09-08 16:00:00-04:00,11.85,12.06,11.85,12.0,18372,0.0,0.0,0.0,0.0,0.0
2015-09-09 16:00:00-04:00,12.07,12.16,11.93,11.93,13007,0.0,0.0,0.0,0.0,0.0
2015-09-10 16:00:00-04:00,12.02,12.07,11.96,12.01,9701,0.0,0.0,0.0,0.0,0.0
2015-09-11 16:00:00-04:00,11.96,12.06,11.95,11.98,25057,0.0,0.0,0.0,0.0,0.0
2015-09-14 16:00:00-04:00,12.01,12.06,11.97,11.98,16357,0.0,0.0,0.0,0.0,0.0
2015-09-15 16:00:00-04:00,12.04,12.07,11.8,11.99,33423,0.0,0.0,0.0,0.0,0.0
2015-09-16 16:00:00-04:00,12.01,12.06,11.94,12.01,43247,0.0,0.0,0.0,0.0,0.0
2015-09-17 16:00:00-04:00,11.95,12.1,11.94,12.1,8761,0.0,0.0,0.0,0.0,0.0
2015-09-18 16:00:00-04:00,11.95,12.039,11.9001,11.9003,8381,0.0,0.0,0.0,0.0,0.0
2015-09-21 16:00:00-04:00,11.99,11.99,11.86,11.86,9157,0.0,0.0,0.0,0.0,0.0
2015-09-22 16:00:00-04:00,11.76,11.76,11.61,11.7,43443,0.0,0.0,0.0,0.0,0.0
2015-09-23 16:00:00-04:00,11.78,11.87,11.7,11.85,13159,0.0,0.0,0.0,0.0,0.0
2015-09-24 16:00:00-04:00,11.68,11.7292,11.49,11.65,22858,0.0,0.0,0.0,0.0,0.0
2015-09-25 16:00:00-04:00,11.69,11.84,11.59,11.59,7512,0.0,0.0,0.0,0.0,0.0
2015-09-28 16:00:00-04:00,11.61,11.61,11.21,11.21,7639,0.0,0.0,0.0,0.0,0.0
2015-09-29 16:00:00-04:00,11.25,11.33,10.94,11.02,52040,0.0,0.0,0.0,0.0,0.0
2015-09-30 16:00:00-04:00,11.13,11.25,11.128,11.15,53493,0.0,0.0,0.0,0.0,0.0
2015-10-01 16:00:00-04:00,11.23,11.23,11.06,11.15,102945,0.0,0.0,0.0,0.0,0.0
2015-10-02 16:00:00-04:00,11.02,11.27,11.0,11.27,14533,0.0,0.0,0.0,0.0,0.0
2015-10-05 16:00:00-04:00,11.42,11.5399,11.36,11.52,21543,0.0,0.0,0.0,0.0,0.0
2015-10-06 16:00:00-04:00,11.55,11.6,11.46,11.59,27468,0.0,0.0,0.0,0.0,0.0
2015-10-07 16:00:00-04:00,11.47,11.63,11.47,11.49,17233,0.0,0.0,0.0,0.0,0.0
2015-10-08 16:00:00-04:00,11.46,11.66,11.41,11.63,26923,0.0,0.0,0.0,0.0,0.0
2015-10-09 16:00:00-04:00,11.59,11.76,11.59,11.76,60559,0.0,0.0,0.0,0.0,0.0
2015-10-12 16:00:00-04:00,11.69,11.7958,11.69,11.71,50213,0.0,0.0,0.0,0.0,0.0
2015-10-13 16:00:00-04:00,11.66,11.763,11.615,11.74,21525,0.0,0.0,0.0,0.0,0.0
2015-10-14 16:00:00-04:00,11.63,11.7,11.6,11.635,31227,0.0,0.0,0.0,0.0,0.0
2015-10-15 16:00:00-04:00,11.73,11.84,11.65,11.8,21154,0.0,0.0,0.0,0.0,0.0
2015-10-16 16:00:00-04:00,11.87,11.93,11.82,11.86,37632,0.0,0.0,0.0,0.0,0.0
2015-10-19 16:00:00-04:00,11.77,11.96,11.77,11.95,24146,0.0,0.0,0.0,0.0,0.0
2015-10-20 16:00:00-04:00,11.93,11.93,11.86,11.9092,9569,0.0,0.0,0.0,0.0,0.0
2015-10-21 16:00:00-04:00,11.93,11.93,11.81,11.87,45367,0.0,0.0,0.0,0.0,0.0
2015-10-22 16:00:00-04:00,11.94,12.05,11.94,11.97,16617,0.0,0.0,0.0,0.0,0.0
2015-10-23 16:00:00-04:00,12.08,12.08,11.97,12.02,22071,0.0,0.0,0.0,0.0,0.0
2015-10-26 16:00:00-04:00,12.03,12.12,11.96,11.98,29110,0.0,0.0,0.0,0.0,0.0
2015-10-27 16:00:00-04:00,11.94,12.02,11.91,11.95,19173,0.0,0.0,0.0,0.0,0.0
2015-10-28 16:00:00-04:00,11.95,12.11,11.94,12.0048,42598,0.0,0.0,0.0,0.0,0.0
2015-10-29 16:00:00-04:00,12.0,12.2,11.95,11.96,17340,0.0,0.0,0.0,0.0,0.0
2015-10-30 16:00:00-04:00,11.9,12.07,11.9,11.96,15756,0.0,0.0,0.0,0.0,0.0
2015-11-02 16:00:00-05:00,11.92,12.2,11.92,12.06,16540,0.0,0.0,0.0,0.0,0.0
2015-11-03 16:00:00-05:00,12.05,12.1507,12.03,12.07,19766,0.0,0.0,0.0,0.0,0.0
2015-11-04 16:00:00-05:00,12.11,12.15,12.06,12.07,17653,0.0,0.0,0.0,0.0,0.0
2015-11-05 16:00:00-05:00,12.09,12.1013,12.05,12.08,14059,0.0,0.0,0.0,0.0,0.0
2015-11-06 16:00:00-05:00,11.87,12.02,11.835,11.905,25593,0.0,0.0,0.0,0.0,0.0
2015-11-09 16:00:00-05:00,11.91,11.91,11.75,11.81,13362,0.0,0.0,0.0,0.0,0.0
2015-11-10 16:00:00-05:00,11.75,11.79,11.67,11.75,18894,0.0,0.0,0.0,0.0,0.0
2015-11-11 16:00:00-05:00,11.69,11.82,11.69,11.73,34273,0.0,0.0,0.0,0.0,0.0
2015-11-12 16:00:00-05:00,11.65,11.6988,11.54,11.61,30358,0.0,0.0,0.0,0.0,0.0
2015-11-13 16:00:00-05:00,11.61,11.61,11.48,11.48,17448,0.0,0.0,0.0,0.0,0.0
2015-11-16 16:00:00-05:00,11.47,11.57,11.39,11.57,41097,0.0,0.0,0.0,0.0,0.0
2015-11-17 16:00:00-05:00,11.61,11.66,11.52,11.63,28932,0.0,0.0,0.0,0.0,0.0
2015-11-18 16:00:00-05:00,11.56,11.84,11.56,11.78,79775,0.0,0.0,0.0,0.0,0.0
2015-11-19 16:00:00-05:00,11.83,11.83,11.76,11.82,14963,0.0,0.0,0.0,0.0,0.0
2015-11-20 16:00:00-05:00,11.79,11.94,11.79,11.878,34361,0.0,0.0,0.0,0.0,0.0
2015-11-23 16:00:00-05:00,11.83,11.94,11.75,11.79,33806,0.0,0.0,0.0,0.0,0.0
2015-11-24 16:00:00-05:00,11.67,11.78,11.64,11.74,48711,0.0,0.0,0.0,0.0,0.0
2015-11-25 16:00:00-05:00,11.75,11.81,11.72,11.733,20022,0.0,0.0,0.0,0.0,0.0
2015-11-27 16:00:00-05:00,11.73,11.75,11.65,11.71,15127,0.0,0.0,0.0,0.0,0.0
2015-11-30 16:00:00-05:00,11.69,11.72,11.68,11.69,26953,0.0,0.0,0.0,0.0,0.0
2015-12-01 16:00:00-05:00,11.68,11.81,11.64,11.7001,98711,0.0,0.0,0.0,0.0,0.0
2015-12-02 16:00:00-05:00,11.65,11.82,11.65,11.66,38318,0.0,0.0,0.0,0.0,0.0
2015-12-03 16:00:00-05:00,11.65,11.7361,11.5,11.53,62083,0.0,0.0,0.0,0.0,0.0
2015-12-04 16:00:00-05:00,11.49,11.75,11.44,11.44,28136,0.0,0.0,0.0,0.0,0.0
2015-12-07 16:00:00-05:00,11.49,11.63,11.45,11.49,32653,0.0,0.0,0.0,0.0,0.0
2015-12-08 16:00:00-05:00,11.36,11.47,11.3501,11.38,21402,0.0,0.0,0.0,0.0,0.0
2015-12-09 16:00:00-05:00,11.4,11.49,11.23,11.3599,28958,0.0,0.0,0.0,0.0,0.0
2015-12-10 16:00:00-05:00,11.31,11.35,11.2,11.2,48705,0.0,0.0,0.0,0.0,0.0
2015-12-11 16:00:00-05:00,11.19,11.25,11.0717,11.08,45338,0.0,0.0,0.0,0.0,0.0
2015-12-14 16:00:00-05:00,10.95,11.1,10.95,10.95,63374,0.0,0.0,0.0,0.0,0.0
2015-12-15 16:00:00-05:00,10.99,11.16,10.99,11.15,43119,0.0,0.0,0.0,0.0,0.0
2015-12-16 16:00:00-05:00,11.19,11.43,11.18,11.4,48799,0.0,0.0,0.0,0.0,0.0
2015-12-17 16:00:00-05:00,11.37,11.51,11.32,11.36,40054,0.0,0.0,0.0,0.0,0.0
2015-12-18 16:00:00-05:00,11.29,11.36,11.28,11.28,37163,0.0,0.0,0.0,0.0,0.0
2015-12-21 16:00:00-05:00,11.34,11.42,11.18,11.29,47594,0.0,0.0,0.0,0.0,0.0
2015-12-22 16:00:00-05:00,11.32,11.39,11.24,11.3699,68217,0.0,0.0,0.0,0.0,0.0
2015-12-23 16:00:00-05:00,11.44,11.5431,11.38,11.51,64569,0.0,0.0,0.0,0.0,0.0
2015-12-24 16:00:00-05:00,11.45,11.54,11.42,11.42,21314,0.0,0.0,0.0,0.0,0.0
2015-12-28 16:00:00-05:00,11.5,11.53,11.41,11.5,44302,0.0,0.0,0.0,0.0,0.0
2015-12-29 16:00:00-05:00,11.43,11.5889,11.43,11.57,35999,0.0,0.0,0.0,0.0,0.0
2015-12-30 16:00:00-05:00,11.53,11.57,11.4,11.47,31979,0.0,0.0,0.0,0.0,0.0
2015-12-31 16:00:00-05:00,11.41,11.5,11.3,11.42,37735,0.0,0.0,0.0,0.0,0.0
2016-01-04 16:00:00-05:00,11.25,11.27,11.15,11.24,27063,0.0,0.0,0.0,0.0,0.0
2016-01-05 16:00:00-05:00,11.26,11.35,11.21,11.3,83744,0.0,0.0,0.0,0.0,0.0
2016-01-06 16:00:00-05:00,11.29,11.29,11.18,11.19,23486,0.0,0.0,0.0,0.0,0.0
2016-01-07 16:00:00-05:00,11.03,11.094,10.88,10.88,34765,0.0,0.0,0.0,0.0,0.0
2016-01-08 16:00:00-05:00,10.88,10.99,10.79,10.794,29777,0.0,0.0,0.0,0.0,0.0
2016-01-11 16:00:00-05:00,10.78,10.82,10.6401,10.67,19081,0.0,0.0,0.0,0.0,0.0
2016-01-12 16:00:00-05:00,10.75,10.79,10.6,10.68,33967,0.0,0.0,0.0,0.0,0.0
2016-01-13 16:00:00-05:00,10.73,10.77,10.37,10.37,36717,0.0,0.0,0.0,0.0,0.0
2016-01-14 16:00:00-05:00,10.46,10.47,10.11,10.445,38956,0.0,0.0,0.0,0.0,0.0
2016-01-15 16:00:00-05:00,10.19,10.1999,9.9,10.02,39031,0.0,0.0,0.0,0.0,0.0
2016-01-19 16:00:00-05:00,10.09,10.21,9.8,9.83,39529,0.0,0.0,0.0,0.0,0.0
2016-01-20 16:00:00-05:00,9.76,9.82,9.37,9.74,43287,0.0,0.0,0.0,0.0,0.0
2016-01-21 16:00:00-05:00,9.75,9.94,9.75,9.81,25229,0.0,0.0,0.0,0.0,0.0
2016-01-22 16:00:00-05:00,9.98,10.16,9.97,10.06,26731,0.0,0.0,0.0,0.0,0.0
2016-01-25 16:00:00-05:00,10.03,10.1,9.93,9.97,27414,0.0,0.0,0.0,0.0,0.0
2016-01-26 16:00:00-05:00,10.03,10.2,10.0,10.1999,20310,0.0,0.0,0.0,0.0,0.0
2016-01-27 16:00:00-05:00,10.19,10.25,10.084,10.1,27810,0.0,0.0,0.0,0.0,0.0
2016-01-28 16:00:00-05:00,10.19,10.26,10.105,10.26,10219,0.0,0.0,0.0,0.0,0.0
2016-01-29 16:00:00-05:00,10.26,10.54,10.26,10.54,19888,0.0,0.0,0.0,0.0,0.0
2016-02-01 16:00:00-05:00,10.41,10.58,10.385,10.56,24595,0.0,0.0,0.0,0.0,0.0
2016-02-02 16:00:00-05:00,10.45,10.47,10.3301,10.3301,29149,0.0,0.0,0.0,0.0,0.0
2016-02-03 16:00:00-05:00,10.45,10.45,10.22,10.39,9454,0.0,0.0,0.0,0.0,0.0
2016-02-04 16:00:00-05:00,10.36,10.46,10.305,10.3801,9556,0.0,0.0,0.0,0.0,0.0
2016-02-05 16:00:00-05:00,10.32,10.32,10.16,10.175,17459,0.0,0.0,0.0,0.0,0.0
2016-02-08 16:00:00-05:00,10.06,10.06,9.73,9.85,16947,0.0,0.0,0.0,0.0,0.0
2016-02-09 16:00:00-05:00,9.81,9.855,9.53,9.61,32666,0.0,0.0,0.0,0.0,0.0
2016-02-10 16:00:00-05:00,9.74,9.88,9.6301,9.7,28656,0.0,0.0,0.0,0.0,0.0
2016-02-11 16:00:00-05:00,9.57,9.62,9.3001,9.48,59519,0.0,0.0,0.0,0.0,0.0
2016-02-12 16:00:00-05:00,9.57,9.69,9.4701,9.64,23803,0.0,0.0,0.0,0.0,0.0
2016-02-16 16:00:00-05:00,9.76,9.9299,9.7,9.86,24243,0.0,0.0,0.0,0.0,0.0
2016-02-17 16:00:00-05:00,9.99,10.04,9.905,10.01,24392,0.0,0.0,0.0,0.0,0.0
2016-02-18 16:00:00-05:00,10.06,10.06,9.92,9.95,9081,0.0,0.0,0.0,0.0,0.0
2016-02-19 16:00:00-05:00,9.98,10.0,9.87,10.0,6502,0.0,0.0,0.0,0.0,0.0
2016-02-22 16:00:00-05:00,10.02,10.16,9.99,10.15,40694,0.0,0.0,0.0,0.0,0.0
2016-02-23 16:00:00-05:00,10.14,10.24,10.0748,10.08,17416,0.0,0.0,0.0,0.0,0.0
2016-02-24 16:00:00-05:00,10.07,10.07,9.87,10.04,32403,0.0,0.0,0.0,0.0,0.0
2016-02-25 16:00:00-05:00,10.04,10.18,9.99,10.08,31932,0.0,0.0,0.0,0.0,0.0
2016-02-26 16:00:00-05:00,10.11,10.17,10.08,10.12,12040,0.0,0.0,0.0,0.0,0.0
2016-02-29 16:00:00-05:00,10.13,10.19,10.08,10.09,15150,0.0,0.0,0.0,0.0,0.0
2016-03-01 16:00:00-05:00,10.16,10.32,10.1,10.32,15520,0.0,0.0,0.0,0.0,0.0
2016-03-02 16:00:00-05:00,10.26,10.39,10.26,10.3899,11986,0.0,0.0,0.0,0.0,0.0
2016-03-03 16:00:00-05:00,10.42,10.54,10.4,10.5,21749,0.0,0.0,0.0,0.0,0.0
2016-03-04 16:00:00-05:00,10.56,10.671,10.5,10.63,12971,0.0,0.0,0.0,0.0,0.0
2016-03-07 16:00:00-05:00,10.61,10.74,10.53,10.6801,35692,0.0,0.0,0.0,0.0,0.0
2016-03-08 16:00:00-05:00,10.58,10.59,10.48,10.522,14838,0.0,0.0,0.0,0.0,0.0
2016-03-09 16:00:00-05:00,10.59,10.59,10.5,10.57,7716,0.0,0.0,0.0,0.0,0.0
2016-03-10 16:00:00-05:00,10.64,10.64,10.5163,10.58,10130,0.0,0.0,0.0,0.0,0.0
2016-03-11 16:00:00-05:00,10.68,10.79,10.66,10.7796,17694,0.0,0.0,0.0,0.0,0.0
2016-03-14 16:00:00-04:00,10.77,10.79,10.6821,10.79,11891,0.0,0.0,0.0,0.0,0.0
2016-03-15 16:00:00-04:00,10.69,10.87,10.66,10.87,14259,0.0,0.0,0.0,0.0,0.0
2016-03-16 16:00:00-04:00,10.77,10.88,10.75,10.88,19063,0.0,0.0,0.0,0.0,0.0
2016-03-17 16:00:00-04:00,10.88,10.99,10.84,10.98,23447,0.0,0.0,0.0,0.0,0.0
2016-03-18 16:00:00-04:00,10.95,10.98,10.91,10.97,7974,0.0,0.0,0.0,0.0,0.0
2016-03-21 16:00:00-04:00,11.0,11.0996,10.94,11.07,36527,0.0,0.0,0.0,0.0,0.0
2016-03-22 16:00:00-04:00,10.96,11.1291,10.9401,11.05,26283,0.0,0.0,0.0,0.0,0.0
2016-03-23 16:00:00-04:00,11.08,11.08,10.96,11.02,16607,0.0,0.0,0.0,0.0,0.0
2016-03-24 16:00:00-04:00,10.92,10.92,10.87,10.88,15164,0.0,0.0,0.0,0.0,0.0
2016-03-28 16:00:00-04:00,10.86,10.99,10.86,10.91,12619,0.0,0.0,0.0,0.0,0.0
2016-03-29 16:00:00-04:00,10.86,10.99,10.82,10.99,18086,0.0,0.0,0.0,0.0,0.0
2016-03-30 16:00:00-04:00,11.07,11.15,11.04,11.05,23527,0.0,0.0,0.0,0.0,0.0
2016-03-31 16:00:00-04:00,11.06,11.13,10.99,11.07,17666,0.0,0.0,0.0,0.0,0.0
2016-04-01 16:00:00-04:00,10.95,11.1,10.902,11.09,57941,0.0,0.0,0.0,0.0,0.0
2016-04-04 16:00:00-04:00,11.03,11.1,10.97,10.98,31222,0.0,0.0,0.0,0.0,0.0
2016-04-05 16:00:00-04:00,10.98,10.98,10.81,10.84,21536,0.0,0.0,0.0,0.0,0.0
2016-04-06 16:00:00-04:00,10.81,10.97,10.81,10.9599,31074,0.0,0.0,0.0,0.0,0.0
2016-04-07 16:00:00-04:00,10.9,10.95,10.87,10.89,20926,0.0,0.0,0.0,0.0,0.0
2016-04-08 16:00:00-04:00,10.91,10.91,10.7501,10.85,20194,0.0,0.0,0.0,0.0,0.0
2016-04-11 16:00:00-04:00,10.86,10.99,10.84,10.86,46215,0.0,0.0,0.0,0.0,0.0
2016-04-12 16:00:00-04:00,10.86,10.98,10.86,10.97,20182,0.0,0.0,0.0,0.0,0.0
2016-04-13 16:00:00-04:00,11.01,11.07,10.95,11.0139,30159,0.0,0.0,0.0,0.0,0.0
2016-04-14 16:00:00-04:00,11.0,11.08,11.0,11.05,19161,0.0,0.0,0.0,0.0,0.0
2016-04-15 16:00:00-04:00,11.06,11.08,10.97,11.0,31572,0.0,0.0,0.0,0.0,0.0
2016-04-18 16:00:00-04:00,11.05,11.13,10.98,11.1114,14068,0.0,0.0,0.0,0.0,0.0
2016-04-19 16:00:00-04:00,11.1,11.171,11.1,11.15,9437,0.0,0.0,0.0,0.0,0.0
2016-04-20 16:00:00-04:00,11.15,11.24,11.11,11.17,34447,0.0,0.0,0.0,0.0,0.0
2016-04-21 16:00:00-04:00,11.22,11.3,11.18,11.24,25426,0.0,0.0,0.0,0.0,0.0
2016-04-22 16:00:00-04:00,11.18,11.31,11.13,11.13,21021,0.0,0.0,0.0,0.0,0.0
2016-04-25 16:00:00-04:00,11.14,11.15,11.05,11.15,13260,0.0,0.0,0.0,0.0,0.0
2016-04-26 16:00:00-04:00,11.13,11.15,11.05,11.11,27639,0.0,0.0,0.0,0.0,0.0
2016-04-27 16:00:00-04:00,11.13,11.26,11.066,11.2,7327,0.0,0.0,0.0,0.0,0.0
2016-04-28 16:00:00-04:00,11.15,11.168,11.06,11.06,12057,0.0,0.0,0.0,0.0,0.0
2016-04-29 16:00:00-04:00,11.08,11.08,10.95,11.01,36359,0.0,0.0,0.0,0.0,0.0
2016-05-02 16:00:00-04:00,11.13,11.17,10.9901,11.13,27956,0.0,0.0,0.0,0.0,0.0
2016-05-03 16:00:00-04:00,11.02,11.06,10.84,10.89,30185,0.0,0.0,0.0,0.0,0.0
2016-05-04 16:00:00-04:00,10.82,10.85,10.77,10.8,21092,0.0,0.0,0.0,0.0,0.0
2016-05-05 16:00:00-04:00,10.8,10.86,10.77,10.79,16513,0.0,0.0,0.0,0.0,0.0
2016-05-06 16:00:00-04:00,10.75,10.845,10.73,10.84,14675,0.0,0.0,0.0,0.0,0.0
2016-05-09 16:00:00-04:00,10.75,10.76,10.68,10.69,16422,0.0,0.0,0.0,0.0,0.0
2016-05-10 16:00:00-04:00,10.77,10.86,10.7436,10.84,14427,0.0,0.0,0.0,0.0,0.0
2016-05-11 16:00:00-04:00,10.77,10.86,10.76,10.81,18288,0.0,0.0,0.0,0.0,0.0
2016-05-12 16:00:00-04:00,10.84,10.88,10.7,10.78,32356,0.0,0.0,0.0,0.0,0.0
2016-05-13 16:00:00-04:00,10.76,10.7922,10.7001,10.71,9627,0.0,0.0,0.0,0.0,0.0
2016-05-16 16:00:00-04:00,10.76,10.85,10.72,10.79,18967,0.0,0.0,0.0,0.0,0.0
2016-05-17 16:00:00-04:00,10.84,10.85,10.74,10.8,26794,0.0,0.0,0.0,0.0,0.0
2016-05-18 16:00:00-04:00,10.76,10.82,10.729,10.75,15407,0.0,0.0,0.0,0.0,0.0
2016-05-19 16:00:00-04:00,10.76,10.76,10.62,10.69,16499,0.0,0.0,0.0,0.0,0.0
2016-05-20 16:00:00-04:00,10.78,10.81,10.72,10.76,6810,0.0,0.0,0.0,0.0,0.0
2016-05-23 16:00:00-04:00,10.74,10.81,10.74,10.74,16305,0.0,0.0,0.0,0.0,0.0
2016-05-24 16:00:00-04:00,10.75,10.88,10.75,10.853,24964,0.0,0.0,0.0,0.0,0.0
2016-05-25 16:00:00-04:00,10.87,10.97,10.87,10.92,18975,0.0,0.0,0.0,0.0,0.0
2016-05-26 16:00:00-04:00,10.96,11.11,10.9,10.99,43897,0.0,0.0,0.0,0.0,0.0
2016-05-27 16:00:00-04:00,11.04,11.1399,11.0,11.08,14658,0.0,0.0,0.0,0.0,0.0
2016-05-31 16:00:00-04:00,11.1,11.123,11.06,11.09,13014,0.0,0.0,0.0,0.0,0.0
2016-06-01 16:00:00-04:00,11.13,11.13,11.016,11.06,17161,0.0,0.0,0.0,0.0,0.0
2016-06-02 16:00:00-04:00,11.08,11.08,11.0,11.05,14989,0.0,0.0,0.0,0.0,0.0
2016-06-03 16:00:00-04:00,11.01,11.0597,10.95,11.03,14882,0.0,0.0,0.0,0.0,0.0
2016-06-06 16:00:00-04:00,11.04,11.18,10.92,11.09,15547,0.0,0.0,0.0,0.0,0.0
2016-06-07 16:00:00-04:00,11.14,11.19,11.11,11.19,15346,0.0,0.0,0.0,0.0,0.0
2016-06-08 16:00:00-04:00,11.13,11.15,11.04,11.08,27541,0.0,0.0,0.0,0.0,0.0
2016-06-09 16:00:00-04:00,11.06,11.1,10.99,11.06,26031,0.0,0.0,0.0,0.0,0.0
2016-06-10 16:00:00-04:00,10.93,10.98,10.85,10.85,21662,0.0,0.0,0.0,0.0,0.0
2016-06-13 16:00:00-04:00,10.86,10.939,10.8,10.815,22128,0.0,0.0,0.0,0.0,0.0
2016-06-14 16:00:00-04:00,10.87,10.87,10.7301,10.83,19697,0.0,0.0,0.0,0.0,0.0
2016-06-15 16:00:00-04:00,10.88,10.88,10.8,10.8,25262,0.0,0.0,0.0,0.0,0.0
2016-06-16 16:00:00-04:00,10.8,10.8,10.64,10.78,37599,0.0,0.0,0.0,0.0,0.0
2016-06-17 16:00:00-04:00,10.78,10.83,10.776,10.82,12335,0.0,0.0,0.0,0.0,0.0
2016-06-20 16:00:00-04:00,10.95,10.99,10.9,10.96,13506,0.0,0.0,0.0,0.0,0.0
2016-06-21 16:00:00-04:00,10.93,10.98,10.9068,10.95,11293,0.0,0.0,0.0,0.0,0.0
2016-06-22 16:00:00-04:00,10.97,11.02,10.895,10.9834,15430,0.0,0.0,0.0,0.0,0.0
2016-06-23 16:00:00-04:00,11.06,11.07,11.0152,11.06,16635,0.0,0.0,0.0,0.0,0.0
2016-06-24 16:00:00-04:00,10.85,10.9,10.6998,10.72,41388,0.0,0.0,0.0,0.0,0.0
2016-06-27 16:00:00-04:00,10.73,10.73,10.3696,10.46,33286,0.0,0.0,0.0,0.0,0.0
2016-06-28 16:00:00-04:00,10.61,10.72,10.6001,10.72,15171,0.0,0.0,0.0,0.0,0.0
2016-06-29 16:00:00-04:00,10.79,10.85,10.76,10.76,57671,0.0,0.0,0.0,0.0,0.0
2016-06-30 16:00:00-04:00,10.82,10.93,10.74,10.89,28661,0.0,0.0,0.0,0.0,0.0
2016-07-01 16:00:00-04:00,10.95,10.98,10.8201,10.98,30427,0.0,0.0,0.0,0.0,0.0
2016-07-05 16:00:00-04:00,10.87,10.9654,10.76,10.85,20500,0.0,0.0,0.0,0.0,0.0
2016-07-06 16:00:00-04:00,10.82,10.97,10.75,10.97,15987,0.0,0.0,0.0,0.0,0.0
2016-07-07 16:00:00-04:00,10.96,11.02,10.96,10.99,18233,0.0,0.0,0.0,0.0,0.0
2016-07-08 16:00:00-04:00,10.98,11.06,10.95,11.0375,23405,0.0,0.0,0.0,0.0,0.0
2016-07-11 16:00:00-04:00,11.07,11.12,11.07,11.0735,12017,0.0,0.0,0.0,0.0,0.0
2016-07-12 16:00:00-04:00,11.17,11.2,11.08,11.09,44961,0.0,0.0,0.0,0.0,0.0
2016-07-13 16:00:00-04:00,11.17,11.17,10.98,10.98,27475,0.0,0.0,0.0,0.0,0.0
2016-07-14 16:00:00-04:00,11.12,11.23,11.061,11.1301,20133,0.0,0.0,0.0,0.0,0.0
2016-07-15 16:00:00-04:00,11.12,11.2099,11.1,11.15,18969,0.0,0.0,0.0,0.0,0.0
2016-07-18 16:00:00-04:00,11.12,11.24,11.12,11.2,44148,0.0,0.0,0.0,0.0,0.0
2016-07-19 16:00:00-04:00,11.18,11.2,11.15,11.16,16383,0.0,0.0,0.0,0.0,0.0
2016-07-20 16:00:00-04:00,11.18,11.24,11.15,11.21,20165,0.0,0.0,0.0,0.0,0.0
2016-07-21 16:00:00-04:00,11.23,11.28,11.16,11.16,18602,0.0,0.0,0.0,0.0,0.0
2016-07-22 16:00:00-04:00,11.22,11.27,11.21,11.26,17909,0.0,0.0,0.0,0.0,0.0
2016-07-25 16:00:00-04:00,11.27,11.34,11.2128,11.26,10672,0.0,0.0,0.0,0.0,0.0
2016-07-26 16:00:00-04:00,11.23,11.3,11.23,11.2734,21030,0.0,0.0,0.0,0.0,0.0
2016-07-27 16:00:00-04:00,11.31,11.3899,11.25,11.29,12618,0.0,0.0,0.0,0.0,0.0
2016-07-28 16:00:00-04:00,11.29,11.41,11.29,11.37,47940,0.0,0.0,0.0,0.0,0.0
2016-07-29 16:00:00-04:00,11.31,11.47,11.31,11.44,19390,0.0,0.0,0.0,0.0,0.0
2016-08-01 16:00:00-04:00,11.46,11.4946,11.4,11.47,20857,0.0,0.0,0.0,0.0,0.0
2016-08-02 16:00:00-04:00,11.47,11.4735,11.32,11.3929,39180,0.0,0.0,0.0,0.0,0.0
2016-08-03 16:00:00-04:00,11.4,11.44,11.35,11.43,14257,0.0,0.0,0.0,0.0,0.0
2016-08-04 16:00:00-04:00,11.47,11.49,11.4,11.4,21813,0.0,0.0,0.0,0.0,0.0
2016-08-05 16:00:00-04:00,11.48,11.51,11.42,11.49,27816,0.0,0.0,0.0,0.0,0.0
2016-08-08 16:00:00-04:00,11.44,11.44,11.32,11.37,55421,0.0,0.0,0.0,0.0,0.0
2016-08-09 16:00:00-04:00,11.39,11.47,11.39,11.44,14451,0.0,0.0,0.0,0.0,0.0
2016-08-10 16:00:00-04:00,11.47,11.48,11.382,11.47,17022,0.0,0.0,0.0,0.0,0.0
2016-08-11 16:00:00-04:00,11.52,11.57,11.475,11.56,22249,0.0,0.0,0.0,0.0,0.0
2016-08-12 16:00:00-04:00,11.57,11.57,11.49,11.56,9194,0.0,0.0,0.0,0.0,0.0
2016-08-15 16:00:00-04:00,11.63,11.781,11.51,11.61,18347,0.0,0.0,0.0,0.0,0.0
2016-08-16 16:00:00-04:00,11.65,11.65,11.5768,11.62,28029,0.0,0.0,0.0,0.0,0.0
2016-08-17 16:00:00-04:00,11.66,11.66,11.55,11.58,16960,0.0,0.0,0.0,0.0,0.0
2016-08-18 16:00:00-04:00,11.6,11.6794,11.6,11.63,24831,0.0,0.0,0.0,0.0,0.0
2016-08-19 16:00:00-04:00,11.65,11.65,11.51,11.58,9481,0.0,0.0,0.0,0.0,0.0
2016-08-22 16:00:00-04:00,11.54,11.62,11.5204,11.62,23247,0.0,0.0,0.0,0.0,0.0
2016-08-23 16:00:00-04:00,11.6,11.67,11.5807,11.6,29011,0.0,0.0,0.0,0.0,0.0
2016-08-24 16:00:00-04:00,11.63,11.64,11.56,11.58,33658,0.0,0.0,0.0,0.0,0.0
2016-08-25 16:00:00-04:00,11.54,11.57,11.51,11.57,26247,0.0,0.0,0.0,0.0,0.0
2016-08-26 16:00:00-04:00,11.57,11.64,11.5,11.5253,23281,0.0,0.0,0.0,0.0,0.0
2016-08-29 16:00:00-04:00,11.53,11.59,11.5227,11.59,18987,0.0,0.0,0.0,0.0,0.0
2016-08-30 16:00:00-04:00,11.59,11.62,11.4601,11.56,45817,0.0,0.0,0.0,0.0,0.0
2016-08-31 16:00:00-04:00,11.55,11.55,11.3404,11.46,42593,0.0,0.0,0.0,0.0,0.0
2016-09-01 16:00:00-04:00,11.43,11.541,11.37,11.46,51366,0.0,0.0,0.0,0.0,0.0
2016-09-02 16:00:00-04:00,11.53,11.59,11.43,11.54,32580,0.0,0.0,0.0,0.0,0.0
2016-09-06 16:00:00-04:00,11.53,11.63,11.51,11.6,46722,0.0,0.0,0.0,0.0,0.0
2016-09-07 16:00:00-04:00,11.57,11.62,11.51,11.55,59409,0.0,0.0,0.0,0.0,0.0
2016-09-08 16:00:00-04:00,11.47,11.5,11.4,11.47,47317,0.0,0.0,0.0,0.0,0.0
2016-09-09 16:00:00-04:00,11.4,11.405,11.2,11.225,72958,0.0,0.0,0.0,0.0,0.0
2016-09-12 16:00:00-04:00,11.14,11.21,11.09,11.21,69323,0.0,0.0,0.0,0.0,0.0
2016-09-13 16:00:00-04:00,11.11,11.17,11.01,11.04,43232,0.0,0.0,0.0,0.0,0.0
2016-09-14 16:00:00-04:00,11.01,11.11,11.01,11.08,23548,0.0,0.0,0.0,0.0,0.0
2016-09-15 16:00:00-04:00,11.11,11.2,11.04,11.2,39738,0.0,0.0,0.0,0.0,0.0
2016-09-16 16:00:00-04:00,11.22,11.22,11.07,11.15,70329,0.0,0.0,0.0,0.0,0.0
2016-09-19 16:00:00-04:00,11.19,11.25,11.0999,11.15,18882,0.0,0.0,0.0,0.0,0.0
2016-09-20 16:00:00-04:00,11.15,11.23,11.12,11.16,34338,0.0,0.0,0.0,0.0,0.0
2016-09-21 16:00:00-04:00,11.17,11.2568,11.12,11.25,16731,0.0,0.0,0.0,0.0,0.0
2016-09-22 16:00:00-04:00,11.34,11.42,11.33,11.41,19974,0.0,0.0,0.0,0.0,0.0
2016-09-23 16:00:00-04:00,11.38,11.3923,11.35,11.35,11538,0.0,0.0,0.0,0.0,0.0
2016-09-26 16:00:00-04:00,11.32,11.369,11.2255,11.29,49384,0.0,0.0,0.0,0.0,0.0
2016-09-27 16:00:00-04:00,11.32,11.38,11.28,11.36,46379,0.0,0.0,0.0,0.0,0.0
2016-09-28 16:00:00-04:00,11.37,11.48,11.36,11.4465,21552,0.0,0.0,0.0,0.0,0.0
2016-09-29 16:00:00-04:00,11.41,11.48,11.3097,11.33,22153,0.0,0.0,0.0,0.0,0.0
2016-09-30 16:00:00-04:00,11.35,11.47,11.29,11.44,19667,0.0,0.0,0.0,0.0,0.0
2016-10-03 16:00:00-04:00,11.38,11.4364,11.3,11.401,23228,0.0,0.0,0.0,0.0,0.0
2016-10-04 16:00:00-04:00,11.43,11.46,11.32,11.33,21447,0.0,0.0,0.0,0.0,0.0
2016-10-05 16:00:00-04:00,11.34,11.4,11.28,11.37,18043,0.0,0.0,0.0,0.0,0.0
2016-10-06 16:00:00-04:00,11.25,11.28,11.18,11.28,16855,0.0,0.0,0.0,0.0,0.0
2016-10-07 16:00:00-04:00,11.26,11.26,11.11,11.16,21899,0.0,0.0,0.0,0.0,0.0
2016-10-10 16:00:00-04:00,11.17,11.27,11.17,11.19,22496,0.0,0.0,0.0,0.0,0.0
2016-10-11 16:00:00-04:00,11.17,11.21,11.05,11.16,30941,0.0,0.0,0.0,0.0,0.0
2016-10-12 16:00:00-04:00,11.12,11.2,11.02,11.07,20511,0.0,0.0,0.0,0.0,0.0
2016-10-13 16:00:00-04:00,11.04,11.09,11.0,11.05,15661,0.0,0.0,0.0,0.0,0.0
2016-10-14 16:00:00-04:00,11.12,11.165,10.97,10.97,45721,0.0,0.0,0.0,0.0,0.0
2016-10-17 16:00:00-04:00,10.96,11.0,10.8664,10.8664,16657,0.0,0.0,0.0,0.0,0.0
2016-10-18 16:00:00-04:00,10.99,11.04,10.9,10.97,11787,0.0,0.0,0.0,0.0,0.0
2016-10-19 16:00:00-04:00,10.97,11.079,10.92,10.96,17483,0.0,0.0,0.0,0.0,0.0
2016-10-20 16:00:00-04:00,10.99,10.99,10.9,10.93,7159,0.0,0.0,0.0,0.0,0.0
2016-10-21 16:00:00-04:00,10.91,10.9999,10.91,10.97,10440,0.0,0.0,0.0,0.0,0.0
2016-10-24 16:00:00-04:00,11.02,11.07,10.96,11.07,17593,0.0,0.0,0.0,0.0,0.0
2016-10-25 16:00:00-04:00,11.02,11.05,11.0,11.0206,16661,0.0,0.0,0.0,0.0,0.0
2016-10-26 16:00:00-04:00,11.01,11.05,10.96,10.9829,13722,0.0,0.0,0.0,0.0,0.0
2016-10-27 16:00:00-04:00,10.98,11.0441,10.96,10.9687,23966,0.0,0.0,0.0,0.0,0.0
2016-10-28 16:00:00-04:00,10.96,11.01,10.95,10.97,12934,0.0,0.0,0.0,0.0,0.0
2016-10-31 16:00:00-04:00,10.95,11.01,10.94,10.9608,11403,0.0,0.0,0.0,0.0,0.0
2016-11-01 16:00:00-04:00,10.98,10.9801,10.83,10.83,17825,0.0,0.0,0.0,0.0,0.0
2016-11-02 16:00:00-04:00,10.82,10.8208,10.7,10.7064,18846,0.0,0.0,0.0,0.0,0.0
2016-11-03 16:00:00-04:00,10.67,10.67,10.57,10.57,14390,0.0,0.0,0.0,0.0,0.0
2016-11-04 16:00:00-04:00,10.61,10.61,10.48,10.5534,22606,0.0,0.0,0.0,0.0,0.0
2016-11-07 16:00:00-05:00,10.47,10.62,10.44,10.5701,15153,0.0,0.0,0.0,0.0,0.0
2016-11-08 16:00:00-05:00,10.54,10.69,10.45,10.64,28479,0.0,0.0,0.0,0.0,0.0
2016-11-09 16:00:00-05:00,10.5,10.67,10.5,10.67,13509,0.0,0.0,0.0,0.0,0.0
2016-11-10 16:00:00-05:00,10.64,10.66,10.49,10.56,40056,0.0,0.0,0.0,0.0,0.0
2016-11-11 16:00:00-05:00,10.59,10.59,10.48,10.56,37902,0.0,0.0,0.0,0.0,0.0
2016-11-14 16:00:00-05:00,10.52,10.52,10.34,10.38,38087,0.0,0.0,0.0,0.0,0.0
2016-11-15 16:00:00-05:00,10.48,10.4945,10.36,10.47,59991,0.0,0.0,0.0,0.0,0.0
2016-11-16 16:00:00-05:00,10.57,10.57,10.41,10.49,39870,0.0,0.0,0.0,0.0,0.0
2016-11-17 16:00:00-05:00,10.55,10.55,10.46,10.54,25948,0.0,0.0,0.0,0.0,0.0
2016-11-18 16:00:00-05:00,10.5,10.5,10.4,10.44,24497,0.0,0.0,0.0,0.0,0.0
2016-11-21 16:00:00-05:00,10.49,10.53,10.4,10.484,29351,0.0,0.0,0.0,0.0,0.0
2016-11-22 16:00:00-05:00,10.54,10.59,10.5,10.58,33076,0.0,0.0,0.0,0.0,0.0
2016-11-23 16:00:00-05:00,10.54,10.54,10.43,10.51,48350,0.0,0.0,0.0,0.0,0.0
2016-11-25 13:00:00-05:00,10.5,10.55,10.5,10.55,10906,0.0,0.0,0.0,0.0,0.0
2016-11-28 16:00:00-05:00,10.53,10.5425,10.49,10.507,22739,0.0,0.0,0.0,0.0,0.0
2016-11-29 16:00:00-05:00,10.47,10.56,10.46,10.5099,43202,0.0,0.0,0.0,0.0,0.0
2016-11-30 16:00:00-05:00,10.5,10.5595,10.43,10.43,28731,0.0,0.0,0.0,0.0,0.0
2016-12-01 16:00:00-05:00,10.49,10.51,10.42,10.5,34469,0.0,0.0,0.0,0.0,0.0
2016-12-02 16:00:00-05:00,10.48,10.5,10.43,10.435,23737,0.0,0.0,0.0,0.0,0.0
2016-12-05 16:00:00-05:00,10.45,10.5217,10.45,10.47,62668,0.0,0.0,0.0,0.0,0.0
2016-12-06 16:00:00-05:00,10.52,10.52,10.45,10.45,53518,0.0,0.0,0.0,0.0,0.0
2016-12-07 16:00:00-05:00,10.47,10.57,10.45,10.57,101978,0.0,0.0,0.0,0.0,0.0
2016-12-08 16:00:00-05:00,10.43,10.5099,10.4,10.44,65381,0.0,0.0,0.0,0.0,0.0
2016-12-09 16:00:00-05:00,10.45,10.52,10.44,10.501,52982,0.0,0.0,0.0,0.0,0.0
2016-12-12 16:00:00-05:00,10.5,10.58,10.5,10.57,36287,0.0,0.0,0.0,0.0,0.0
2016-12-13 16:00:00-05:00,10.59,10.77,10.5816,10.72,59475,0.0,0.0,0.0,0.0,0.0
2016-12-14 16:00:00-05:00,10.68,10.76,10.64,10.66,31435,0.0,0.0,0.0,0.0,0.0
2016-12-15 16:00:00-05:00,10.65,10.7,10.6,10.69,46879,0.0,0.0,0.0,0.0,0.0
2016-12-16 16:00:00-05:00,10.66,10.67,10.57,10.63,33566,0.0,0.0,0.0,0.0,0.0
2016-12-19 16:00:00-05:00,10.63,10.66,10.62,10.64,33683,0.0,0.0,0.0,0.0,0.0
2016-12-20 16:00:00-05:00,10.66,10.7,10.61,10.67,59214,0.0,0.0,0.0,0.0,0.0
2016-12-21 16:00:00-05:00,10.63,10.7,10.63,10.66,20060,0.0,0.0,0.0,0.0,0.0
2016-12-22 16:00:00-05:00,10.7,10.7,10.47,10.55,50909,0.0,0.0,0.0,0.0,0.0
2016-12-23 16:00:00-05:00,10.55,10.6196,10.55,10.61,33556,0.0,0.0,0.0,0.0,0.0
2016-12-27 16:00:00-05:00,10.67,10.78,10.6203,10.71,61668,0.0,0.0,0.0,0.0,0.0
2016-12-28 16:00:00-05:00,10.63,10.7,10.56,10.57,29468,0.0,0.0,0.0,0.0,0.0
2016-12-29 16:00:00-05:00,10.56,10.7,10.55,10.63,44503,0.0,0.0,0.0,0.0,0.0
2016-12-30 16:00:00-05:00,10.61,10.63,10.51,10.53,38427,0.0,0.0,0.0,0.0,0.0
2017-01-03 16:00:00-05:00,10.62,10.64,10.53,10.58,49424,0.0,0.0,0.0,0.0,0.0
2017-01-04 16:00:00-05:00,10.62,10.72,10.62,10.6939,39280,0.0,0.0,0.0,0.0,0.0
2017-01-05 16:00:00-05:00,10.74,10.8,10.724,10.79,44005,0.0,0.0,0.0,0.0,0.0
2017-01-06 16:00:00-05:00,10.79,10.95,10.77,10.87,28558,0.0,0.0,0.0,0.0,0.0
2017-01-09 16:00:00-05:00,10.84,10.88,10.8,10.88,19649,0.0,0.0,0.0,0.0,0.0
2017-01-10 16:00:00-05:00,10.84,10.91,10.83,10.84,14138,0.0,0.0,0.0,0.0,0.0
2017-01-11 16:00:00-05:00,10.81,10.89,10.81,10.89,38549,0.0,0.0,0.0,0.0,0.0
2017-01-12 16:00:00-05:00,10.89,10.9,10.86,10.874,16543,0.0,0.0,0.0,0.0,0.0
2017-01-13 16:00:00-05:00,10.89,10.97,10.89,10.95,17725,0.0,0.0,0.0,0.0,0.0
2017-01-17 16:00:00-05:00,10.96,10.97,10.86,10.95,42961,0.0,0.0,0.0,0.0,0.0
2017-01-18 16:00:00-05:00,10.93,11.1451,10.86,10.89,38716,0.0,0.0,0.0,0.0,0.0
2017-01-19 16:00:00-05:00,10.89,11.0398,10.85,10.9,37068,0.0,0.0,0.0,0.0,0.0
2017-01-20 16:00:00-05:00,10.94,10.97,10.89,10.91,23080,0.0,0.0,0.0,0.0,0.0
2017-01-23 16:00:00-05:00,10.91,10.99,10.91,10.99,36324,0.0,0.0,0.0,0.0,0.0
2017-01-24 16:00:00-05:00,10.95,11.11,10.95,11.01,47091,0.0,0.0,0.0,0.0,0.0
2017-01-25 16:00:00-05:00,11.05,11.21,11.05,11.16,60140,0.0,0.0,0.0,0.0,0.0
2017-01-26 16:00:00-05:00,11.21,11.2958,11.08,11.18,51166,0.0,0.0,0.0,0.0,0.0
2017-01-27 16:00:00-05:00,11.15,11.414,11.1068,11.19,40187,0.0,0.0,0.0,0.0,0.0
2017-01-30 16:00:00-05:00,11.12,11.13,11.02,11.13,43038,0.0,0.0,0.0,0.0,0.0
2017-01-31 16:00:00-05:00,11.11,11.19,11.1,11.12,36252,0.0,0.0,0.0,0.0,0.0
2017-02-01 16:00:00-05:00,11.18,11.4,11.1178,11.25,56892,0.0,0.0,0.0,0.0,0.0
2017-02-02 16:00:00-05:00,11.22,11.32,11.19,11.21,30658,0.0,0.0,0.0,0.0,0.0
2017-02-03 16:00:00-05:00,11.2,11.31,11.2,11.29,32312,0.0,0.0,0.0,0.0,0.0
2017-02-06 16:00:00-05:00,11.29,11.42,11.26,11.35,51351,0.0,0.0,0.0,0.0,0.0
2017-02-07 16:00:00-05:00,11.32,11.48,11.3,11.33,37552,0.0,0.0,0.0,0.0,0.0
2017-02-08 16:00:00-05:00,11.33,11.39,11.2487,11.34,70239,0.0,0.0,0.0,0.0,0.0
2017-02-09 16:00:00-05:00,11.39,11.39,11.25,11.33,26909,0.0,0.0,0.0,0.0,0.0
2017-02-10 16:00:00-05:00,11.36,11.51,11.28,11.3479,36498,0.0,0.0,0.0,0.0,0.0
2017-02-13 16:00:00-05:00,11.42,11.56,11.36,11.44,50076,0.0,0.0,0.0,0.0,0.0
2017-02-14 16:00:00-05:00,11.4,11.49,11.4,11.48,63398,0.0,0.0,0.0,0.0,0.0
2017-02-15 16:00:00-05:00,11.48,11.57,11.43,11.53,71283,0.0,0.0,0.0,0.0,0.0
2017-02-16 16:00:00-05:00,11.49,11.58,11.41,11.49,29975,0.0,0.0,0.0,0.0,0.0
2017-02-17 16:00:00-05:00,11.45,11.538,11.283,11.3276,62366,0.0,0.0,0.0,0.0,0.0
2017-02-21 16:00:00-05:00,11.31,11.49,11.31,11.48,39317,0.0,0.0,0.0,0.0,0.0
2017-02-22 16:00:00-05:00,11.43,11.54,11.4,11.54,31946,0.0,0.0,0.0,0.0,0.0
2017-02-23 16:00:00-05:00,11.59,11.67,11.5101,11.58,112911,0.0,0.0,0.0,0.0,0.0
2017-02-24 16:00:00-05:00,11.59,11.7825,11.5,11.74,52619,0.0,0.0,0.0,0.0,0.0
2017-02-27 16:00:00-05:00,11.8,11.8,11.53,11.7,24249,0.0,0.0,0.0,0.0,0.0
2017-02-28 16:00:00-05:00,11.73,11.76,11.68,11.71,56656,0.0,0.0,0.0,0.0,0.0
2017-03-01 16:00:00-05:00,11.8,11.8,11.6,11.6,29206,0.0,0.0,0.0,0.0,0.0
2017-03-02 16:00:00-05:00,11.66,11.73,11.6,11.63,42717,0.0,0.0,0.0,0.0,0.0
2017-03-03 16:00:00-05:00,11.62,11.83,11.62,11.8,58795,0.0,0.0,0.0,0.0,0.0
2017-03-06 16:00:00-05:00,11.75,11.79,11.6,11.74,44271,0.0,0.0,0.0,0.0,0.0
2017-03-07 16:00:00-05:00,11.73,11.7814,11.65,11.74,36797,0.0,0.0,0.0,0.0,0.0
2017-03-08 16:00:00-05:00,11.69,11.74,11.55,11.5501,52253,0.0,0.0,0.0,0.0,0.0
2017-03-09 16:00:00-05:00,11.61,11.655,11.33,11.45,44859,0.0,0.0,0.0,0.0,0.0
2017-03-10 16:00:00-05:00,11.53,11.6874,11.45,11.51,27207,0.0,0.0,0.0,0.0,0.0
2017-03-13 16:00:00-04:00,11.58,11.7746,11.48,11.7,71859,0.0,0.0,0.0,0.0,0.0
2017-03-14 16:00:00-04:00,11.62,11.62,11.41,11.5,42804,0.0,0.0,0.0,0.0,0.0
2017-03-15 16:00:00-04:00,11.53,11.8,11.45,11.69,71912,0.0,0.0,0.0,0.0,0.0
2017-03-16 16:00:00-04:00,11.77,11.8,11.69,11.8,31312,0.0,0.0,0.0,0.0,0.0
2017-03-17 16:00:00-04:00,11.82,11.87,11.76,11.76,37496,0.0,0.0,0.0,0.0,0.0
2017-03-20 16:00:00-04:00,11.81,11.98,11.79,11.79,54468,0.0,0.0,0.0,0.0,0.0
2017-03-21 16:00:00-04:00,11.78,12.08,11.774,11.97,44042,0.0,0.0,0.0,0.0,0.0
2017-03-22 16:00:00-04:00,11.91,12.3,11.78,12.1399,55462,0.0,0.0,0.0,0.0,0.0
2017-03-23 16:00:00-04:00,12.2,12.35,11.94,12.14,68756,0.0,0.0,0.0,0.0,0.0
2017-03-24 16:00:00-04:00,12.14,12.14,12.0,12.0,23960,0.0,0.0,0.0,0.0,0.0
2017-03-27 16:00:00-04:00,11.94,12.0271,11.83,11.92,50494,0.0,0.0,0.0,0.0,0.0
2017-03-28 16:00:00-04:00,11.98,12.0,11.89,11.89,54749,0.0,0.0,0.0,0.0,0.0
2017-03-29 16:00:00-04:00,11.89,12.1157,11.76,11.79,44720,0.0,0.0,0.0,0.0,0.0
2017-03-30 16:00:00-04:00,11.77,12.11,11.77,11.94,26845,0.0,0.0,0.0,0.0,0.0
2017-03-31 16:00:00-04:00,11.98,12.11,11.8288,12.01,40246,0.0,0.0,0.0,0.0,0.0
2017-04-03 16:00:00-04:00,11.98,12.3256,11.96,12.11,52615,0.0,0.0,0.0,0.0,0.0
2017-04-04 16:00:00-04:00,12.11,12.9,11.8,12.23,63755,0.0,0.0,0.0,0.0,0.0
2017-04-05 16:00:00-04:00,12.23,12.58,12.19,12.19,82431,0.0,0.0,0.0,0.0,0.0
2017-04-06 16:00:00-04:00,12.19,12.44,12.01,12.31,49244,0.0,0.0,0.0,0.0,0.0
2017-04-07 16:00:00-04:00,12.16,12.2899,11.96,12.22,59325,0.0,0.0,0.0,0.0,0.0
2017-04-10 16:00:00-04:00,12.48,12.56,11.88,12.0,61200,0.0,0.0,0.0,0.0,0.0
2017-04-11 16:00:00-04:00,12.0,12.28,11.96,12.19,56184,0.0,0.0,0.0,0.0,0.0
2017-04-12 16:00:00-04:00,12.13,12.3,11.85,12.3,95967,0.0,0.0,0.0,0.0,0.0
2017-04-13 16:00:00-04:00,12.37,12.37,12.06,12.06,52242,0.0,0.0,0.0,0.0,0.0
2017-04-17 16:00:00-04:00,12.34,12.41,12.08,12.18,44908,0.0,0.0,0.0,0.0,0.0
2017-04-18 16:00:00-04:00,12.35,12.3518,12.1455,12.22,32994,0.0,0.0,0.0,0.0,0.0
2017-04-19 16:00:00-04:00,12.28,12.28,11.99,12.03,83518,0.0,0.0,0.0,0.0,0.0
2017-04-20 16:00:00-04:00,12.1,12.1,12.0,12.05,73930,0.0,0.0,0.0,0.0,0.0
2017-04-21 16:00:00-04:00,11.95,12.03,11.95,11.97,59135,0.0,0.0,0.0,0.0,0.0
2017-04-24 16:00:00-04:00,12.03,12.09,11.98,12.09,55050,0.0,0.0,0.0,0.0,0.0
2017-04-25 16:00:00-04:00,12.09,12.17,12.031,12.15,51649,0.0,0.0,0.0,0.0,0.0
2017-04-26 16:00:00-04:00,12.11,12.33,12.11,12.21,55767,0.0,0.0,0.0,0.0,0.0
2017-04-27 16:00:00-04:00,12.12,12.4621,12.12,12.25,48020,0.0,0.0,0.0,0.0,0.0
2017-04-28 16:00:00-04:00,12.28,12.3,12.2,12.2,18890,0.0,0.0,0.0,0.0,0.0
2017-05-01 16:00:00-04:00,12.18,12.406,12.18,12.36,54133,0.0,0.0,0.0,0.0,0.0
2017-05-02 16:00:00-04:00,12.34,12.49,12.26,12.41,44639,0.0,0.0,0.0,0.0,0.0
2017-05-03 16:00:00-04:00,12.5,12.5,12.42,12.49,42757,0.0,0.0,0.0,0.0,0.0
2017-05-04 16:00:00-04:00,12.5,12.5,12.34,12.42,57399,0.0,0.0,0.0,0.0,0.0
2017-05-05 16:00:00-04:00,12.49,12.7,12.32,12.63,32128,0.0,0.0,0.0,0.0,0.0
2017-05-08 16:00:00-04:00,12.67,12.75,12.6102,12.67,61398,0.0,0.0,0.0,0.0,0.0
2017-05-09 16:00:00-04:00,12.75,12.84,12.7,12.76,49532,0.0,0.0,0.0,0.0,0.0
2017-05-10 16:00:00-04:00,12.75,12.78,12.68,12.7,41169,0.0,0.0,0.0,0.0,0.0
2017-05-11 16:00:00-04:00,12.81,12.85,12.6,12.6,68874,0.0,0.0,0.0,0.0,0.0
2017-05-12 16:00:00-04:00,12.7,12.83,12.65,12.69,42387,0.0,0.0,0.0,0.0,0.0
2017-05-15 16:00:00-04:00,12.74,12.879,12.6,12.63,51635,0.0,0.0,0.0,0.0,0.0
2017-05-16 16:00:00-04:00,12.68,12.7802,12.55,12.57,48370,0.0,0.0,0.0,0.0,0.0
2017-05-17 16:00:00-04:00,12.57,12.57,12.38,12.39,60574,0.0,0.0,0.0,0.0,0.0
2017-05-18 16:00:00-04:00,12.87,12.87,12.4,12.43,30424,0.0,0.0,0.0,0.0,0.0
2017-05-19 16:00:00-04:00,12.42,12.69,12.42,12.6,29985,0.0,0.0,0.0,0.0,0.0
2017-05-22 16:00:00-04:00,12.72,12.79,12.6701,12.76,30866,0.0,0.0,0.0,0.0,0.0
2017-05-23 16:00:00-04:00,12.76,12.87,12.7409,12.77,43261,0.0,0.0,0.0,0.0,0.0
2017-05-24 16:00:00-04:00,12.85,13.1727,12.75,13.0,93425,0.0,0.0,0.0,0.0,0.0
2017-05-25 16:00:00-04:00,13.0,13.09,12.83,12.87,68949,0.0,0.0,0.0,0.0,0.0
2017-05-26 16:00:00-04:00,12.91,12.91,12.81,12.82,32430,0.0,0.0,0.0,0.0,0.0
2017-05-30 16:00:00-04:00,12.61,12.84,12.61,12.84,57321,0.0,0.0,0.0,0.0,0.0
2017-05-31 16:00:00-04:00,12.77,13.0438,12.75,12.93,37919,0.0,0.0,0.0,0.0,0.0
2017-06-01 16:00:00-04:00,13.02,13.1074,12.92,13.06,58352,0.0,0.0,0.0,0.0,0.0
2017-06-02 16:00:00-04:00,13.13,13.37,13.03,13.28,49089,0.0,0.0,0.0,0.0,0.0
2017-06-05 16:00:00-04:00,13.27,13.459,13.0205,13.24,53537,0.0,0.0,0.0,0.0,0.0
2017-06-06 16:00:00-04:00,13.26,13.4,13.1901,13.28,47218,0.0,0.0,0.0,0.0,0.0
2017-06-07 16:00:00-04:00,13.34,13.4304,13.2812,13.36,64447,0.0,0.0,0.0,0.0,0.0
2017-06-08 16:00:00-04:00,13.26,13.439,13.241,13.37,25273,0.0,0.0,0.0,0.0,0.0
2017-06-09 16:00:00-04:00,13.35,13.37,13.14,13.2,51554,0.0,0.0,0.0,0.0,0.0
2017-06-12 16:00:00-04:00,12.9,13.13,12.85,12.85,71120,0.0,0.0,0.0,0.0,0.0
2017-06-13 16:00:00-04:00,12.94,13.13,12.94,13.09,45938,0.0,0.0,0.0,0.0,0.0
2017-06-14 16:00:00-04:00,13.11,13.19,12.9502,13.06,60465,0.0,0.0,0.0,0.0,0.0
2017-06-15 16:00:00-04:00,12.99,12.99,12.8402,12.94,38018,0.0,0.0,0.0,0.0,0.0
2017-06-16 16:00:00-04:00,13.04,13.24,12.9438,13.18,69160,0.0,0.0,0.0,0.0,0.0
2017-06-19 16:00:00-04:00,13.23,13.37,13.15,13.34,46404,0.0,0.0,0.0,0.0,0.0
2017-06-20 16:00:00-04:00,13.3,13.34,13.15,13.19,37049,0.0,0.0,0.0,0.0,0.0
2017-06-21 16:00:00-04:00,13.15,13.3199,13.14,13.2036,15018,0.0,0.0,0.0,0.0,0.0
2017-06-22 16:00:00-04:00,13.25,13.47,13.14,13.14,55391,0.0,0.0,0.0,0.0,0.0
2017-06-23 16:00:00-04:00,13.3,13.3,13.13,13.16,36000,0.0,0.0,0.0,0.0,0.0
2017-06-26 16:00:00-04:00,13.37,13.37,13.1,13.17,37889,0.0,0.0,0.0,0.0,0.0
2017-06-27 16:00:00-04:00,13.47,13.47,13.2368,13.45,27794,0.0,0.0,0.0,0.0,0.0
2017-06-28 16:00:00-04:00,13.29,13.57,13.29,13.57,43561,0.0,0.0,0.0,0.0,0.0
2017-06-29 16:00:00-04:00,13.51,13.51,13.28,13.28,39396,0.0,0.0,0.0,0.0,0.0
2017-06-30 16:00:00-04:00,13.35,13.5316,13.16,13.18,42368,0.0,0.0,0.0,0.0,0.0
2017-07-03 13:00:00-04:00,13.3,13.5,13.16,13.43,24913,0.0,0.0,0.0,0.0,0.0
2017-07-05 16:00:00-04:00,13.43,13.5899,13.35,13.41,64104,0.0,0.0,0.0,0.0,0.0
2017-07-06 16:00:00-04:00,13.58,13.58,13.1288,13.18,44185,0.0,0.0,0.0,0.0,0.0
2017-07-07 16:00:00-04:00,13.13,13.445,13.0,13.22,31309,0.0,0.0,0.0,0.0,0.0
2017-07-10 16:00:00-04:00,13.19,13.26,13.12,13.19,41352,0.0,0.0,0.0,0.0,0.0
2017-07-11 16:00:00-04:00,13.2,13.25,13.13,13.13,15971,0.0,0.0,0.0,0.0,0.0
2017-07-12 16:00:00-04:00,13.27,13.35,13.21,13.21,35975,0.0,0.0,0.0,0.0,0.0
2017-07-13 16:00:00-04:00,13.22,13.289,13.2,13.24,22021,0.0,0.0,0.0,0.0,0.0
2017-07-14 16:00:00-04:00,13.23,13.373,13.22,13.25,37581,0.0,0.0,0.0,0.0,0.0
2017-07-17 16:00:00-04:00,13.2,13.3,13.2,13.28,43525,0.0,0.0,0.0,0.0,0.0
2017-07-18 16:00:00-04:00,13.22,13.32,13.178,13.29,30850,0.0,0.0,0.0,0.0,0.0
2017-07-19 16:00:00-04:00,13.27,13.4,13.27,13.31,40995,0.0,0.0,0.0,0.0,0.0
2017-07-20 16:00:00-04:00,13.27,13.4464,13.27,13.37,25538,0.0,0.0,0.0,0.0,0.0
2017-07-21 16:00:00-04:00,13.33,13.4399,13.28,13.35,19925,0.0,0.0,0.0,0.0,0.0
2017-07-24 16:00:00-04:00,13.33,13.47,13.25,13.35,42169,0.0,0.0,0.0,0.0,0.0
2017-07-25 16:00:00-04:00,13.36,13.48,13.34,13.47,33111,0.0,0.0,0.0,0.0,0.0
2017-07-26 16:00:00-04:00,13.4,13.5,13.37,13.49,27212,0.0,0.0,0.0,0.0,0.0
2017-07-27 16:00:00-04:00,13.39,13.49,13.37,13.44,40404,0.0,0.0,0.0,0.0,0.0
2017-07-28 16:00:00-04:00,13.42,13.56,13.3961,13.51,24776,0.0,0.0,0.0,0.0,0.0
2017-07-31 16:00:00-04:00,13.54,13.66,13.54,13.63,45482,0.0,0.0,0.0,0.0,0.0
2017-08-01 16:00:00-04:00,13.67,13.75,13.6416,13.75,37229,0.0,0.0,0.0,0.0,0.0
2017-08-02 16:00:00-04:00,13.71,13.8,13.69,13.7461,28842,0.0,0.0,0.0,0.0,0.0
2017-08-03 16:00:00-04:00,13.75,13.76,13.55,13.76,72995,0.0,0.0,0.0,0.0,0.0
2017-08-04 16:00:00-04:00,13.71,13.97,13.6916,13.97,43149,0.0,0.0,0.0,0.0,0.0
2017-08-07 16:00:00-04:00,13.92,14.35,13.8801,14.23,39069,0.0,0.0,0.0,0.0,0.0
2017-08-08 16:00:00-04:00,14.22,14.22,13.92,14.0,64128,0.0,0.0,0.0,0.0,0.0
2017-08-09 16:00:00-04:00,13.77,13.91,13.3001,13.43,104833,0.0,0.0,0.0,0.0,0.0
2017-08-10 16:00:00-04:00,13.17,13.3387,12.5,12.59,161607,0.0,0.0,0.0,0.0,0.0
2017-08-11 16:00:00-04:00,12.44,13.09,12.36,13.01,85775,0.0,0.0,0.0,0.0,0.0
2017-08-14 16:00:00-04:00,13.1,13.27,13.0329,13.2,35716,0.0,0.0,0.0,0.0,0.0
2017-08-15 16:00:00-04:00,13.24,13.4299,13.2,13.35,27606,0.0,0.0,0.0,0.0,0.0
2017-08-16 16:00:00-04:00,13.35,13.49,13.3,13.36,31936,0.0,0.0,0.0,0.0,0.0
2017-08-17 16:00:00-04:00,13.31,13.33,13.11,13.144,41241,0.0,0.0,0.0,0.0,0.0
2017-08-18 16:00:00-04:00,13.14,13.1499,13.06,13.09,27927,0.0,0.0,0.0,0.0,0.0
2017-08-21 16:00:00-04:00,13.09,13.1394,13.06,13.07,18053,0.0,0.0,0.0,0.0,0.0
2017-08-22 16:00:00-04:00,13.09,13.4077,13.09,13.27,31674,0.0,0.0,0.0,0.0,0.0
2017-08-23 16:00:00-04:00,13.27,13.43,13.22,13.29,17183,0.0,0.0,0.0,0.0,0.0
2017-08-24 16:00:00-04:00,13.29,13.3601,13.1901,13.22,32103,0.0,0.0,0.0,0.0,0.0
2017-08-25 16:00:00-04:00,13.24,13.43,13.24,13.31,27584,0.0,0.0,0.0,0.0,0.0
2017-08-28 16:00:00-04:00,13.26,13.2915,13.23,13.2681,17745,0.0,0.0,0.0,0.0,0.0
2017-08-29 16:00:00-04:00,13.14,13.4197,13.14,13.25,25933,0.0,0.0,0.0,0.0,0.0
2017-08-30 16:00:00-04:00,13.26,13.33,13.26,13.32,3965,0.0,0.0,0.0,0.0,0.0
2017-08-31 16:00:00-04:00,13.35,13.6088,13.3445,13.48,27036,0.0,0.0,0.0,0.0,0.0
2017-09-01 16:00:00-04:00,13.5,13.6515,13.47,13.52,18203,0.0,0.0,0.0,0.0,0.0
2017-09-05 16:00:00-04:00,13.7,13.7,13.27,13.34,52103,0.0,0.0,0.0,0.0,0.0
2017-09-06 16:00:00-04:00,13.33,13.6527,13.32,13.33,9956,0.0,0.0,0.0,0.0,0.0
2017-09-07 16:00:00-04:00,13.37,13.49,13.29,13.33,21181,0.0,0.0,0.0,0.0,0.0
2017-09-08 16:00:00-04:00,13.28,13.799,13.28,13.46,37201,0.0,0.0,0.0,0.0,0.0
2017-09-11 16:00:00-04:00,13.42,13.72,13.4,13.56,18967,0.0,0.0,0.0,0.0,0.0
2017-09-12 16:00:00-04:00,13.5,13.61,13.44,13.45,26430,0.0,0.0,0.0,0.0,0.0
2017-09-13 16:00:00-04:00,13.38,13.64,13.38,13.44,41724,0.0,0.0,0.0,0.0,0.0
2017-09-14 16:00:00-04:00,13.42,13.61,13.4,13.57,26776,0.0,0.0,0.0,0.0,0.0
2017-09-15 16:00:00-04:00,13.45,13.69,13.45,13.63,31434,0.0,0.0,0.0,0.0,0.0
2017-09-18 16:00:00-04:00,13.62,13.7,13.53,13.57,71600,0.0,0.0,0.0,0.0,0.0
2017-09-19 16:00:00-04:00,13.67,13.67,13.5,13.52,17200,0.0,0.0,0.0,0.0,0.0
2017-09-20 16:00:00-04:00,13.54,13.59,13.45,13.51,29339,0.0,0.0,0.0,0.0,0.0
2017-09-21 16:00:00-04:00,13.47,13.51,13.42,13.5,25772,0.0,0.0,0.0,0.0,0.0
2017-09-22 16:00:00-04:00,13.49,13.54,13.47,13.52,18111,0.0,0.0,0.0,0.0,0.0
2017-09-25 16:00:00-04:00,13.43,13.53,13.43,13.43,19086,0.0,0.0,0.0,0.0,0.0
2017-09-26 16:00:00-04:00,13.42,13.4388,13.33,13.36,25172,0.0,0.0,0.0,0.0,0.0
2017-09-27 16:00:00-04:00,13.38,13.4251,13.18,13.33,38984,0.0,0.0,0.0,0.0,0.0
2017-09-28 16:00:00-04:00,13.33,13.49,13.3,13.43,33877,0.0,0.0,0.0,0.0,0.0
2017-09-29 16:00:00-04:00,13.39,13.46,13.39,13.41,25801,0.0,0.0,0.0,0.0,0.0
2017-10-02 16:00:00-04:00,13.4,13.515,13.4,13.5,27046,0.0,0.0,0.0,0.0,0.0
2017-10-03 16:00:00-04:00,13.5,13.59,13.46,13.59,34652,0.0,0.0,0.0,0.0,0.0
2017-10-04 16:00:00-04:00,13.57,13.57,13.46,13.48,34723,0.0,0.0,0.0,0.0,0.0
2017-10-05 16:00:00-04:00,13.51,13.694,13.48,13.67,50374,0.0,0.0,0.0,0.0,0.0
2017-10-06 16:00:00-04:00,13.58,13.62,13.51,13.62,34231,0.0,0.0,0.0,0.0,0.0
2017-10-09 16:00:00-04:00,13.57,13.65,13.5,13.57,14561,0.0,0.0,0.0,0.0,0.0
2017-10-10 16:00:00-04:00,13.5,13.6,13.42,13.5,34520,0.0,0.0,0.0,0.0,0.0
2017-10-11 16:00:00-04:00,13.53,13.53,13.39,13.42,32945,0.0,0.0,0.0,0.0,0.0
2017-10-12 16:00:00-04:00,13.43,13.52,13.43,13.48,29778,0.0,0.0,0.0,0.0,0.0
2017-10-13 16:00:00-04:00,13.52,13.65,13.45,13.56,29618,0.0,0.0,0.0,0.0,0.0
2017-10-16 16:00:00-04:00,13.56,13.7,13.56,13.64,24959,0.0,0.0,0.0,0.0,0.0
2017-10-17 16:00:00-04:00,13.74,13.79,13.56,13.6452,33043,0.0,0.0,0.0,0.0,0.0
2017-10-18 16:00:00-04:00,13.66,13.8,13.581,13.67,19789,0.0,0.0,0.0,0.0,0.0
2017-10-19 16:00:00-04:00,13.52,13.682,13.49,13.57,48556,0.0,0.0,0.0,0.0,0.0
2017-10-20 16:00:00-04:00,13.58,13.6,13.49,13.6,18136,0.0,0.0,0.0,0.0,0.0
2017-10-23 16:00:00-04:00,13.6,13.6318,13.561,13.6019,20918,0.0,0.0,0.0,0.0,0.0
2017-10-24 16:00:00-04:00,13.62,13.66,13.5878,13.6391,23805,0.0,0.0,0.0,0.0,0.0
2017-10-25 16:00:00-04:00,13.62,13.63,13.511,13.61,33358,0.0,0.0,0.0,0.0,0.0
2017-10-26 16:00:00-04:00,13.64,13.85,13.56,13.82,43338,0.0,0.0,0.0,0.0,0.0
2017-10-27 16:00:00-04:00,13.84,13.94,13.78,13.93,30410,0.0,0.0,0.0,0.0,0.0
2017-10-30 16:00:00-04:00,13.89,13.93,13.85,13.88,22905,0.0,0.0,0.0,0.0,0.0
2017-10-31 16:00:00-04:00,13.94,14.05,13.9,13.96,34182,0.0,0.0,0.0,0.0,0.0
2017-11-01 16:00:00-04:00,14.07,14.22,14.03,14.11,69712,0.0,0.0,0.0,0.0,0.0
2017-11-02 16:00:00-04:00,14.14,14.1798,14.0,14.06,47188,0.0,0.0,0.0,0.0,0.0
2017-11-03 16:00:00-04:00,14.11,14.1652,14.07,14.151,26069,0.0,0.0,0.0,0.0,0.0
2017-11-06 16:00:00-05:00,14.15,14.5189,14.0963,14.211,64325,0.0,0.0,0.0,0.0,0.0
2017-11-07 16:00:00-05:00,14.16,14.4194,14.07,14.114,28922,0.0,0.0,0.0,0.0,0.0
2017-11-08 16:00:00-05:00,14.12,14.5114,14.12,14.15,50083,0.0,0.0,0.0,0.0,0.0
2017-11-09 16:00:00-05:00,14.0,14.18,13.941,14.1,35468,0.0,0.0,0.0,0.0,0.0
2017-11-10 16:00:00-05:00,14.03,14.07,13.98,14.06,31424,0.0,0.0,0.0,0.0,0.0
2017-11-13 16:00:00-05:00,13.98,13.98,13.7514,13.82,44246,0.0,0.0,0.0,0.0,0.0
2017-11-14 16:00:00-05:00,13.63,13.8,13.56,13.63,66646,0.0,0.0,0.0,0.0,0.0
2017-11-15 16:00:00-05:00,13.56,13.63,13.46,13.54,47555,0.0,0.0,0.0,0.0,0.0
2017-11-16 16:00:00-05:00,13.68,13.7,13.54,13.68,23188,0.0,0.0,0.0,0.0,0.0
2017-11-17 16:00:00-05:00,13.7,13.97,13.6751,13.86,43315,0.0,0.0,0.0,0.0,0.0
2017-11-20 16:00:00-05:00,13.92,14.08,13.915,13.93,27570,0.0,0.0,0.0,0.0,0.0
2017-11-21 16:00:00-05:00,14.08,14.08,13.97,13.99,52080,0.0,0.0,0.0,0.0,0.0
2017-11-22 16:00:00-05:00,14.08,14.24,14.0201,14.191,36485,0.0,0.0,0.0,0.0,0.0
2017-11-24 13:00:00-05:00,14.24,14.24,14.1001,14.19,9222,0.0,0.0,0.0,0.0,0.0
2017-11-27 16:00:00-05:00,14.18,14.26,14.01,14.08,40463,0.0,0.0,0.0,0.0,0.0
2017-11-28 16:00:00-05:00,14.14,14.22,14.14,14.16,31042,0.0,0.0,0.0,0.0,0.0
2017-11-29 16:00:00-05:00,14.16,14.26,14.06,14.07,32812,0.0,0.0,0.0,0.0,0.0
2017-11-30 16:00:00-05:00,14.15,14.32,14.08,14.0999,39090,0.0,0.0,0.0,0.0,0.0
2017-12-01 16:00:00-05:00,14.09,14.4999,14.09,14.4999,23041,0.0,0.0,0.0,0.0,0.0
2017-12-04 16:00:00-05:00,14.5,14.849,14.271,14.4801,57004,0.0,0.0,0.0,0.0,0.0
2017-12-05 16:00:00-05:00,14.62,14.77,14.501,14.59,30067,0.0,0.0,0.0,0.0,0.0
2017-12-06 16:00:00-05:00,14.62,14.8657,14.5434,14.74,36206,0.0,0.0,0.0,0.0,0.0
2017-12-07 16:00:00-05:00,14.71,14.8377,14.57,14.62,42476,0.0,0.0,0.0,0.0,0.0
2017-12-08 16:00:00-05:00,14.72,14.7499,14.62,14.6602,19254,0.0,0.0,0.0,0.0,0.0
