0.000000,0.829339,0.829017,0.844403,0.855531,0.959740
1.000000,0.830300,0.825111,0.843208,0.853124,0.959867
2.000000,0.830601,0.824802,0.842051,0.851096,0.959993
3.000000,0.832292,0.826418,0.840925,0.849536,0.960120
4.000000,0.833294,0.829702,0.839750,0.848405,0.960247
5.000000,0.836606,0.832972,0.839155,0.847144,0.960373
6.000000,0.844387,0.837344,0.839729,0.846848,0.960500
7.000000,0.851012,0.840807,0.839741,0.846373,0.960626
8.000000,0.857441,0.844867,0.840250,0.846676,0.960804
9.000000,-1234.000000,-1234.000000,-1234.000000,-1234.000000,-1234.000000
10.000000,0.867931,0.850528,0.839206,0.846304,-1234.000000
11.000000,0.871042,0.856234,0.839853,0.847251,0.961161
12.000000,0.874037,0.861246,0.842065,0.848008,0.961339
13.000000,0.876733,0.866016,0.845175,0.848712,0.961517
14.000000,0.877812,0.870553,0.849052,0.849310,0.961695
15.000000,0.878659,0.873891,0.852355,0.849935,0.961873
16.000000,0.878282,0.875064,0.855211,0.850695,0.962051
17.000000,0.878891,0.876733,0.857825,0.851221,0.962229
18.000000,0.877103,0.876939,0.860059,0.851636,0.962407
19.000000,0.874407,0.876109,0.861762,0.851782,0.962586
20.000000,0.873593,0.876126,0.864001,0.851937,0.962764
21.000000,0.875365,0.876824,0.867070,0.852601,0.962942
22.000000,0.876752,0.877821,0.869970,0.854395,0.963120
23.000000,0.879225,0.878164,0.872410,0.856551,0.963298
24.000000,0.882915,0.878661,0.874820,0.859262,0.963476
25.000000,0.884345,0.878969,0.876564,0.861532,0.963654
26.000000,-1234.000000,-1234.000000,-1234.000000,-1234.000000,-1234.000000
27.000000,0.885767,0.880758,0.878746,0.865196,-1234.000000
28.000000,0.886162,0.882308,0.879624,0.867210,0.964010
29.000000,0.888676,0.885476,0.880546,0.869384,0.964189
30.000000,0.892470,0.887956,0.881730,0.871701,0.964259
31.000000,0.890101,0.887533,0.881896,0.873648,0.964329
32.000000,0.890563,0.888431,0.882847,0.875904,0.964400
33.000000,0.890114,0.888358,0.882993,0.877536,0.964470
34.000000,0.887957,0.888276,0.883216,0.879145,0.964540
35.000000,0.883788,0.887647,0.883080,0.880126,0.964610
36.000000,0.883626,0.886864,0.883303,0.880655,0.964681
37.000000,0.882394,0.886478,0.883769,0.881508,0.964751
38.000000,0.883150,0.886632,0.884584,0.882127,0.964821
39.000000,0.880454,0.884205,0.884807,0.881808,0.964892
40.000000,0.879969,0.881879,0.884758,0.881781,0.964962
41.000000,0.878348,0.880987,0.884088,0.881583,0.965032
42.000000,0.873381,0.877888,0.882882,0.881137,0.965103
43.000000,0.871378,0.877264,0.882519,0.881017,0.965173
44.000000,0.874073,0.877263,0.882480,0.881163,0.965243
45.000000,0.877155,0.878562,0.882865,0.881522,0.965314
46.000000,0.881087,0.879718,0.883291,0.882066,0.965384
47.000000,0.888743,0.881062,0.883770,0.882836,0.965454
48.000000,0.894984,0.883181,0.884906,0.884100,0.965525
49.000000,0.899068,0.886570,0.885388,0.885415,0.965595
50.000000,0.903382,0.890268,0.886074,0.886658,0.965618
51.000000,0.907324,0.894205,0.887596,0.887577,0.965642
52.000000,0.910105,0.899424,0.888656,0.888586,0.965665
53.000000,0.910644,0.902814,0.890039,0.889517,0.965689
54.000000,0.917116,0.908092,0.892678,0.891312,0.965712
55.000000,0.921375,0.912379,0.895470,0.893042,0.965735
56.000000,0.923289,0.915306,0.897512,0.893963,0.965759
57.000000,0.924290,0.917198,0.899130,0.894913,0.965782
58.000000,0.926216,0.918430,0.900805,0.896081,0.965806
59.000000,0.922981,0.920048,0.903309,0.896941,0.965829
60.000000,0.921649,0.921512,0.905890,0.897886,0.965853
61.000000,0.922096,0.922692,0.908449,0.899295,0.965876
62.000000,0.920878,0.922584,0.911004,0.899965,0.965900
63.000000,0.919507,0.922862,0.912838,0.900980,0.965923
64.000000,0.918652,0.920816,0.914454,0.902057,0.965946
65.000000,0.916557,0.919103,0.915741,0.903348,0.965970
66.000000,0.914415,0.918255,0.916781,0.904426,0.965993
67.000000,0.913784,0.917331,0.917264,0.905197,0.966017
68.000000,0.910794,0.915151,0.916790,0.905587,0.966040
69.000000,0.907374,0.913013,0.916531,0.906544,0.966064
70.000000,0.908405,0.912481,0.916997,0.908087,0.966134
71.000000,0.909946,0.912181,0.917436,0.909693,0.966204
72.000000,0.912958,0.913371,0.917978,0.911793,0.966274
73.000000,0.917173,0.913983,0.918423,0.913220,0.966345
74.000000,0.921995,0.914685,0.917750,0.914531,0.966415
75.000000,0.926726,0.917565,0.918334,0.916349,0.966485
76.000000,0.931279,0.920612,0.919434,0.918058,0.966556
77.000000,0.935015,0.923987,0.920659,0.919505,0.966626
78.000000,0.942635,0.929904,0.922527,0.921162,0.966696
79.000000,0.946880,0.934437,0.923725,0.922499,0.966767
80.000000,0.948992,0.937859,0.925170,0.923951,0.966837
81.000000,0.950987,0.941133,0.926657,0.925335,0.966907
82.000000,0.953159,0.944087,0.928729,0.926681,0.966978
83.000000,0.952928,0.947782,0.930883,0.928209,0.967048
84.000000,0.955144,0.951012,0.932848,0.928838,0.967118
85.000000,0.954450,0.951721,0.934643,0.929463,0.967189
86.000000,0.952362,0.951674,0.936143,0.930181,0.967259
87.000000,0.950498,0.951829,0.937908,0.931049,0.967329
88.000000,0.946653,0.949791,0.939847,0.931615,0.967399
89.000000,0.944382,0.949763,0.942100,0.932404,0.967470
90.000000,0.941223,0.947837,0.942848,0.932725,0.967540
91.000000,0.940530,0.946446,0.943789,0.933253,0.967610
92.000000,0.939243,0.944871,0.944479,0.934110,0.967681
93.000000,0.938158,0.942406,0.945094,0.934724,0.967751
94.000000,0.937119,0.940750,0.945881,0.935482,0.967821
95.000000,0.939122,0.940173,0.945947,0.936486,0.967892
96.000000,0.941903,0.941216,0.946445,0.937834,0.967962
97.000000,0.944052,0.941648,0.946738,0.939154,0.968032
98.000000,-1234.000000,-1234.000000,-1234.000000,-1234.000000,-1234.000000
99.000000,0.947169,0.941585,0.945889,0.941940,-1234.000000
100.000000,0.948398,0.943244,0.945661,0.942971,0.968173
101.000000,0.948783,0.944961,0.945742,0.944153,0.968243
102.000000,0.947936,0.945779,0.945301,0.944882,0.968313
103.000000,0.948866,0.948043,0.945076,0.946009,0.968384
104.000000,0.950824,0.949199,0.944752,0.946911,0.968454
105.000000,-1234.000000,-1234.000000,-1234.000000,-1234.000000,-1234.000000
106.000000,0.950301,0.949542,0.944917,0.947330,-1234.000000
107.000000,0.949625,0.948781,0.944818,0.947322,0.968595
108.000000,0.946263,0.947709,0.944902,0.946648,0.968665
109.000000,0.942122,0.946956,0.944271,0.946232,0.968735
110.000000,0.942757,0.946624,0.944934,0.945971,0.968806
111.000000,0.941910,0.945639,0.945300,0.945709,0.968876
112.000000,0.941372,0.945040,0.945409,0.945217,0.968947
113.000000,0.940757,0.943204,0.945623,0.944474,0.969017
114.000000,0.939677,0.940764,0.944981,0.943470,0.969088
115.000000,0.934679,0.938718,0.943700,0.942440,0.969158
116.000000,0.932675,0.937292,0.942737,0.942194,0.969229
117.000000,0.929515,0.935444,0.941371,0.941470,0.969299
118.000000,0.930515,0.935636,0.941355,0.941592,0.969370
119.000000,0.933451,0.936564,0.941487,0.941518,0.969440
120.000000,0.936985,0.935832,0.940944,0.941683,0.969511
121.000000,0.938374,0.935524,0.940316,0.941809,0.969581
122.000000,0.941771,0.935643,0.940094,0.941922,0.969652
123.000000,0.943806,0.937161,0.940023,0.942601,0.969723
124.000000,0.946726,0.940089,0.940408,0.943234,0.969793
125.000000,0.950810,0.943898,0.941308,0.943770,0.969864
126.000000,0.955424,0.946899,0.942096,0.944223,0.969934
127.000000,0.956310,0.949041,0.942242,0.944110,0.970005
128.000000,0.956049,0.949927,0.942782,0.944311,0.970075
129.000000,0.953815,0.950270,0.943417,0.944516,0.970146
130.000000,0.953029,0.951919,0.943876,0.944729,0.970217
131.000000,0.951033,0.953229,0.944377,0.944768,0.970287
132.000000,0.952713,0.954512,0.945077,0.945066,0.970497
133.000000,0.955102,0.955575,0.946368,0.945386,0.970708
134.000000,0.956180,0.954997,0.947543,0.945439,0.970919
135.000000,0.957582,0.955305,0.949602,0.945974,0.971130
136.000000,0.959508,0.955270,0.951085,0.946487,0.971341
137.000000,0.961472,0.957092,0.953067,0.947192,0.971551
138.000000,0.961164,0.958133,0.954030,0.947899,0.971762
139.000000,0.963968,0.960074,0.955172,0.948969,0.971972
140.000000,0.965307,0.961445,0.956682,0.949732,0.972183
141.000000,0.964637,0.962072,0.957651,0.950275,0.972394
142.000000,0.959251,0.960362,0.957437,0.950172,0.972604
143.000000,0.952857,0.957010,0.956293,0.949915,0.972815
144.000000,0.947104,0.955536,0.955267,0.950207,0.973026
145.000000,0.938446,0.951877,0.953591,0.950360,0.973237
146.000000,0.933029,0.948833,0.952052,0.950334,0.973447
147.000000,0.930180,0.944715,0.950904,0.950283,0.973658
148.000000,0.924478,0.938667,0.948400,0.948909,0.973869
149.000000,0.918336,0.932720,0.946397,0.947688,0.974079
150.000000,0.915435,0.926941,0.944193,0.946768,0.974290
151.000000,0.913456,0.923243,0.942658,0.946181,0.974501
152.000000,0.915998,0.923089,0.941725,0.945987,0.974530
153.000000,0.922673,0.923576,0.940293,0.945387,0.974559
154.000000,0.930685,0.924510,0.940023,0.945015,0.974588
155.000000,0.938515,0.926975,0.939426,0.944719,0.974617
156.000000,0.943684,0.928570,0.938702,0.944225,0.974646
157.000000,0.947229,0.931614,0.938164,0.944474,0.974675
158.000000,0.954159,0.938416,0.938542,0.945072,0.974704
159.000000,0.957165,0.943925,0.938322,0.945573,0.974733
160.000000,0.960709,0.949612,0.938276,0.945999,0.974762
161.000000,0.964455,0.954069,0.938656,0.946461,0.974791
162.000000,0.968999,0.958114,0.940602,0.947188,0.974820
163.000000,0.969878,0.962019,0.942797,0.947535,0.974850
164.000000,0.970957,0.964061,0.944286,0.948036,0.974879
165.000000,0.972575,0.966642,0.946809,0.948498,0.974908
166.000000,0.974268,0.969361,0.948966,0.948922,0.974937
167.000000,0.970223,0.969611,0.950612,0.948647,0.974966
168.000000,0.970608,0.970243,0.954330,0.949109,0.974995
169.000000,0.971224,0.971091,0.957508,0.949245,0.975024
170.000000,0.972002,0.972289,0.960950,0.949614,0.975053
171.000000,0.971002,0.972635,0.963352,0.949982,0.975082
172.000000,0.972510,0.971367,0.964740,0.950857,0.975100
173.000000,0.969582,0.970095,0.966057,0.951897,0.975118
174.000000,0.966501,0.968862,0.966462,0.952478,0.975136
175.000000,0.959251,0.965627,0.966134,0.953081,0.975154
176.000000,0.952780,0.961891,0.965626,0.953274,0.975172
177.000000,0.949539,0.961025,0.965318,0.954083,0.975190
178.000000,0.948846,0.959214,0.964729,0.955958,0.975208
179.000000,0.946688,0.956594,0.963842,0.957203,0.975226
180.000000,0.946842,0.953047,0.962668,0.958316,0.975244
181.000000,0.944298,0.948539,0.960587,0.958414,0.975262
182.000000,0.939780,0.944660,0.958013,0.958047,0.975281
183.000000,0.935636,0.942241,0.956168,0.958118,0.975299
184.000000,0.933864,0.940276,0.954569,0.957733,0.975316
185.000000,0.932863,0.939852,0.952740,0.957374,0.975335
186.000000,0.935868,0.940083,0.950987,0.957112,0.975352
187.000000,0.942002,0.940891,0.950958,0.957176,0.975371
188.000000,0.946455,0.941045,0.950130,0.956834,0.975389
189.000000,0.951079,0.942472,0.949533,0.956719,0.975407
190.000000,0.955109,0.943986,0.948516,0.956440,0.975425
191.000000,0.957882,0.946875,0.947707,0.956016,0.975443
192.000000,0.956496,0.949249,0.946955,0.955092,0.975748
193.000000,0.954665,0.950560,0.946400,0.954299,0.976052
194.000000,0.954585,0.952832,0.946554,0.953990,0.976356
195.000000,0.951488,0.953299,0.946576,0.952926,0.976661
196.000000,0.947883,0.952883,0.946483,0.951619,0.976965
197.000000,0.947112,0.951804,0.946348,0.951240,0.977270
198.000000,0.946234,0.950450,0.945747,0.950236,0.977574
199.000000,0.945224,0.949904,0.946188,0.949657,0.977879
200.000000,0.947835,0.949662,0.946824,0.948898,0.978183
201.000000,0.951672,0.949777,0.948326,0.948397,0.978487
202.000000,0.954994,0.951053,0.950151,0.948321,0.978792
203.000000,0.958236,0.952235,0.951397,0.948345,0.979096
204.000000,0.959162,0.952193,0.952513,0.948434,0.979401
205.000000,0.958391,0.953113,0.953206,0.948755,0.979705
206.000000,0.958237,0.954955,0.953919,0.949307,0.980009
207.000000,0.958536,0.956765,0.954285,0.949820,0.980314
208.000000,0.960088,0.959162,0.954806,0.950219,0.980619
209.000000,0.962869,0.961015,0.955460,0.951131,0.980923
210.000000,0.967337,0.962864,0.956263,0.952171,0.981227
211.000000,0.970650,0.964444,0.957111,0.953699,0.981532
212.000000,0.972268,0.965402,0.958228,0.955235,0.981555
213.000000,0.973320,0.966704,0.959470,0.956500,0.981579
214.000000,0.973705,0.968287,0.960240,0.957771,0.981602
215.000000,0.972549,0.969943,0.961528,0.958785,0.981626
216.000000,0.973320,0.971985,0.963470,0.959941,0.981649
217.000000,0.974475,0.973372,0.965068,0.960647,0.981672
218.000000,0.975415,0.974368,0.966765,0.961326,0.981696
219.000000,0.974492,0.974098,0.967557,0.961673,0.981719
220.000000,0.975589,0.974069,0.968467,0.962199,0.981743
221.000000,0.974357,0.973838,0.969141,0.962686,0.981766
222.000000,0.971044,0.972760,0.969081,0.963072,0.981790
223.000000,0.969896,0.972656,0.969680,0.963865,0.981813
224.000000,0.970435,0.972463,0.970375,0.964314,0.981837
225.000000,0.970133,0.972861,0.971402,0.965306,0.981860
226.000000,0.971289,0.972823,0.972404,0.966587,0.981883
227.000000,0.974136,0.972590,0.972981,0.967576,0.981907
228.000000,0.975590,0.972743,0.973555,0.968758,0.981930
229.000000,0.976730,0.973583,0.973841,0.969565,0.981954
230.000000,0.977706,0.973920,0.973995,0.970285,0.981977
231.000000,0.977822,0.974555,0.974197,0.970946,0.982001
232.000000,0.977595,0.975865,0.974312,0.971342,0.982002
233.000000,0.977913,0.976752,0.974704,0.972037,0.982005
234.000000,0.979468,0.978099,0.975281,0.972950,0.982007
235.000000,0.981317,0.979512,0.976186,0.974105,0.982009
236.000000,0.983713,0.980767,0.976795,0.975192,0.982011
237.000000,0.986716,0.982156,0.977373,0.976039,0.982013
238.000000,0.988411,0.983162,0.977952,0.976758,0.982016
239.000000,0.988463,0.983965,0.978774,0.977215,0.982017
240.000000,0.988233,0.984775,0.979347,0.977588,0.982019
241.000000,0.987661,0.985687,0.980121,0.978027,0.982022
242.000000,0.988762,0.987739,0.981802,0.978788,0.982024
243.000000,0.990842,0.989626,0.983189,0.979678,0.982026
244.000000,0.992717,0.990590,0.984345,0.980384,0.982028
245.000000,0.993333,0.990783,0.985147,0.981052,0.982030
246.000000,0.992163,0.989912,0.985340,0.981167,0.982032
247.000000,0.988829,0.988795,0.985476,0.981180,0.982034
248.000000,0.984977,0.987909,0.985536,0.981271,0.982036
249.000000,-1234.000000,-1234.000000,-1234.000000,-1234.000000,-1234.000000
250.000000,0.980162,0.987479,0.986056,0.981871,-1234.000000
251.000000,0.982762,0.987985,0.986775,0.982562,0.982041
252.000000,0.986383,0.987742,0.987740,0.983646,0.982043
253.000000,-1234.000000,-1234.000000,-1234.000000,-1234.000000,-1234.000000
254.000000,0.988502,0.985391,0.988279,0.984644,-1234.000000
255.000000,0.988020,0.984091,0.987809,0.984845,0.982085
256.000000,0.985198,0.983980,0.987276,0.984951,0.982106
257.000000,0.979844,0.983113,0.986270,0.984801,0.982128
258.000000,0.978020,0.981862,0.985221,0.984486,0.982150
259.000000,0.976016,0.981565,0.984822,0.984516,0.982171
260.000000,0.975862,0.981266,0.984372,0.984516,0.982192
261.000000,0.976887,0.980581,0.984283,0.984784,0.982213
262.000000,0.976086,0.977756,0.982749,0.984531,0.982235
263.000000,0.977426,0.977723,0.981495,0.984399,0.982256
264.000000,0.976347,0.976182,0.980275,0.983959,0.982278
265.000000,0.976733,0.976297,0.979761,0.983697,0.982299
266.000000,0.975762,0.976324,0.979727,0.983365,0.982320
267.000000,0.978921,0.977503,0.979997,0.983139,0.982341
268.000000,0.978582,0.978004,0.979718,0.982644,0.982362
269.000000,0.979337,0.977842,0.979606,0.982329,0.982384
270.000000,0.978798,0.977765,0.979423,0.982013,0.982406
271.000000,0.977998,0.976880,0.978633,0.981639,0.982427
272.000000,0.973606,0.976263,0.976970,0.980433,0.982448
273.000000,0.969908,0.974245,0.975984,0.978905,0.982469
274.000000,0.965411,0.972374,0.974278,0.977453,0.982469
275.000000,0.960635,0.969716,0.973007,0.976174,0.982469
276.000000,0.954859,0.966428,0.971376,0.974977,0.982469
277.000000,0.951192,0.962399,0.969951,0.973712,0.982469
278.000000,0.948264,0.959086,0.968545,0.972350,0.982469
279.000000,0.946151,0.955781,0.966812,0.971390,0.982469
280.000000,0.944471,0.952553,0.965159,0.970158,0.982469
281.000000,0.944823,0.949841,0.963360,0.968705,0.982469
282.000000,0.946441,0.948816,0.962540,0.967262,0.982469
283.000000,0.948445,0.948354,0.961299,0.966774,0.982469
284.000000,0.950995,0.948573,0.960474,0.965710,0.982469
285.000000,0.953984,0.949228,0.959472,0.965081,0.982469
286.000000,0.955787,0.950305,0.958367,0.964352,0.982469
287.000000,0.958405,0.952423,0.957411,0.964108,0.982469
288.000000,0.959484,0.953964,0.956525,0.963685,0.982469
289.000000,0.961236,0.956116,0.955948,0.963246,0.982469
290.000000,0.963008,0.958496,0.955524,0.962938,0.982469
291.000000,0.965549,0.960668,0.955254,0.962463,0.982469
292.000000,0.966012,0.962209,0.955513,0.962430,0.982469
293.000000,0.968169,0.963827,0.956091,0.962142,0.982469
294.000000,0.968721,0.964978,0.956776,0.961975,0.982493
295.000000,0.970186,0.966597,0.957912,0.961847,0.982516
296.000000,0.969494,0.967522,0.958913,0.961418,0.982540
297.000000,0.970311,0.968162,0.960292,0.960995,0.982563
298.000000,0.968963,0.968566,0.961265,0.960539,0.982586
299.000000,0.966650,0.967686,0.961901,0.959861,0.982610
300.000000,0.963029,0.966607,0.962552,0.959219,0.982633
301.000000,0.961795,0.965644,0.963156,0.958718,0.982657
302.000000,0.959592,0.964951,0.963580,0.958659,0.982680
303.000000,0.959552,0.964258,0.964042,0.958813,0.982704
304.000000,0.960816,0.963733,0.964356,0.959095,0.982727
305.000000,0.961124,0.962077,0.964337,0.959300,0.982751
306.000000,0.962582,0.962189,0.964855,0.960005,0.982774
307.000000,0.962497,0.961044,0.964603,0.960543,0.982797
308.000000,0.960803,0.960178,0.964372,0.960903,0.982821
309.000000,0.956996,0.958906,0.963296,0.960902,0.982844
310.000000,0.954994,0.958059,0.962333,0.961054,0.982868
311.000000,0.948991,0.955787,0.960716,0.960700,0.982891
312.000000,0.945917,0.954207,0.959579,0.960456,0.982915
313.000000,0.942347,0.951575,0.957916,0.959886,0.982938
314.000000,0.940190,0.948593,0.956163,0.959101,0.982979
315.000000,0.934808,0.944901,0.953489,0.957858,0.983021
316.000000,0.930110,0.939550,0.950870,0.956420,0.983062
317.000000,0.923791,0.934854,0.947949,0.954687,0.983103
318.000000,0.919777,0.931062,0.945620,0.953269,0.983144
319.000000,0.914154,0.927172,0.943039,0.951254,0.983186
320.000000,0.912184,0.923496,0.940778,0.949388,0.983227
321.000000,0.908331,0.919220,0.937503,0.946884,0.983268
322.000000,0.903324,0.913558,0.933882,0.944239,0.983309
323.000000,0.897888,0.908833,0.930204,0.941555,0.983351
324.000000,0.891727,0.902941,0.925767,0.938422,0.983392
325.000000,0.882898,0.897541,0.921221,0.934840,0.983433
326.000000,0.875903,0.892117,0.915834,0.931285,0.983474
327.000000,0.873206,0.888265,0.911560,0.928055,0.983516
328.000000,0.871049,0.884469,0.907765,0.925236,0.983557
329.000000,0.873375,0.882551,0.904862,0.922876,0.983598
330.000000,0.875841,0.879370,0.901433,0.920308,0.983639
331.000000,0.881758,0.878831,0.899025,0.917946,0.983681
332.000000,0.885533,0.879370,0.896464,0.915711,0.983722
333.000000,0.887844,0.879447,0.894140,0.913285,0.983763
334.000000,0.890062,0.881718,0.892330,0.911084,0.983865
335.000000,0.891680,0.883761,0.890651,0.908734,0.983966
336.000000,0.893067,0.887413,0.889765,0.906360,0.984068
337.000000,0.896688,0.891111,0.889688,0.904743,0.984170
338.000000,0.899384,0.893614,0.889042,0.903048,0.984272
339.000000,0.899076,0.894569,0.888560,0.901431,0.984373
340.000000,0.902002,0.896841,0.888105,0.899902,0.984475
341.000000,0.902005,0.897536,0.888183,0.898529,0.984577
342.000000,0.899151,0.897919,0.888645,0.896949,0.984678
343.000000,0.898616,0.899000,0.889223,0.895760,0.984780
344.000000,0.900773,0.899924,0.890821,0.894861,0.984882
345.000000,0.899849,0.900925,0.892343,0.894076,0.984984
346.000000,0.900599,0.901302,0.894357,0.893610,0.985085
347.000000,0.901943,0.900547,0.895829,0.893308,0.985187
348.000000,0.902788,0.900702,0.897158,0.892928,0.985289
349.000000,0.903985,0.902379,0.898474,0.893166,0.985390
350.000000,0.906528,0.903188,0.900015,0.893133,0.985492
351.000000,0.907854,0.904227,0.900881,0.893531,0.985594
352.000000,0.910674,0.906309,0.902114,0.894533,0.985696
353.000000,0.913522,0.908155,0.903578,0.895534,0.985797
354.000000,0.915053,0.909519,0.904722,0.897054,0.985842
355.000000,0.917133,0.911830,0.906378,0.898839,0.985886
356.000000,0.918519,0.913187,0.907244,0.900634,0.985931
357.000000,0.917596,0.914135,0.907341,0.901931,0.985975
358.000000,0.917315,0.915419,0.908060,0.903245,0.986020
359.000000,0.916668,0.915861,0.909120,0.904269,0.986064
360.000000,0.914667,0.915900,0.909544,0.905310,0.986109
361.000000,0.914821,0.916670,0.910449,0.906144,0.986154
362.000000,0.913742,0.915669,0.910989,0.906632,0.986198
363.000000,0.910039,0.913677,0.910916,0.906944,0.986243
364.000000,0.904184,0.910426,0.909973,0.906623,0.986287
365.000000,0.899252,0.906960,0.909395,0.906572,0.986332
366.000000,0.889997,0.902409,0.907798,0.905633,0.986376
367.000000,0.878826,0.896284,0.905209,0.903655,0.986421
368.000000,0.871451,0.890745,0.903082,0.902289,0.986465
369.000000,0.867753,0.885968,0.900914,0.901403,0.986510
370.000000,0.867600,0.883426,0.899663,0.900838,0.986554
371.000000,0.869613,0.879805,0.898238,0.900234,0.986599
372.000000,0.875237,0.877032,0.896350,0.899670,0.986643
373.000000,0.878430,0.874940,0.894309,0.898924,0.986688
374.000000,0.880344,0.874049,0.892237,0.897998,0.986901
375.000000,0.880266,0.873933,0.890446,0.897574,0.987114
376.000000,0.880035,0.874824,0.888617,0.896807,0.987327
377.000000,0.877800,0.876519,0.886401,0.895646,0.987540
378.000000,0.874949,0.876690,0.883717,0.894284,0.987753
379.000000,0.870955,0.875649,0.880809,0.892493,0.987966
380.000000,0.860862,0.870564,0.876995,0.889963,0.988179
381.000000,0.850924,0.865479,0.872642,0.887318,0.988392
382.000000,0.844297,0.861049,0.869040,0.884583,0.988605
383.000000,0.841139,0.858044,0.866492,0.882221,0.988818
384.000000,0.837596,0.854275,0.864162,0.879583,0.989032
385.000000,0.838055,0.849459,0.861696,0.876784,0.989244
386.000000,0.840266,0.845595,0.860209,0.874276,0.989457
387.000000,0.841092,0.842695,0.859607,0.871833,0.989670
388.000000,0.840861,0.841000,0.858845,0.869478,0.989884
389.000000,0.843943,0.840769,0.858209,0.867462,0.990097
390.000000,0.848522,0.843289,0.856926,0.865760,0.990309
391.000000,0.854324,0.847295,0.856387,0.864193,0.990523
392.000000,0.861356,0.851224,0.856137,0.863102,0.990736
393.000000,0.865747,0.853304,0.855674,0.862096,0.990949
394.000000,0.870062,0.857002,0.855639,0.861775,0.991064
395.000000,0.874114,0.861318,0.855388,0.861570,0.991179
396.000000,0.873378,0.863851,0.854723,0.861423,0.991294
397.000000,0.873378,0.867367,0.855031,0.862194,0.991409
398.000000,0.871992,0.868869,0.854935,0.862186,0.991524
399.000000,0.870485,0.870273,0.855521,0.862231,0.991639
400.000000,0.871871,0.872993,0.858141,0.862282,0.991754
401.000000,0.875458,0.874418,0.860856,0.862397,0.991869
402.000000,0.879233,0.876305,0.863765,0.862860,0.991985
403.000000,0.883547,0.877769,0.865537,0.863039,0.992099
404.000000,0.885824,0.878154,0.867578,0.863144,0.992214
405.000000,0.885165,0.878518,0.869918,0.863098,0.992330
406.000000,0.885027,0.880242,0.872047,0.863229,0.992445
407.000000,0.886186,0.882709,0.875038,0.864257,0.992560
408.000000,0.890962,0.887255,0.878062,0.865708,0.992675
409.000000,0.896279,0.891051,0.880662,0.867365,0.992790
410.000000,0.902176,0.893671,0.883332,0.869984,0.992905
411.000000,0.908632,0.896829,0.885624,0.872847,0.993020
412.000000,0.912712,0.899449,0.887877,0.875659,0.993135
413.000000,0.914831,0.902896,0.890333,0.877990,0.993250
414.000000,0.917912,0.907096,0.892625,0.880751,0.993274
415.000000,0.920146,0.911161,0.894840,0.883666,0.993297
416.000000,0.921750,0.915191,0.897717,0.886428,0.993321
417.000000,0.922290,0.917501,0.900105,0.889192,0.993344
418.000000,0.922852,0.918841,0.903048,0.891655,0.993367
419.000000,0.920926,0.919419,0.905235,0.893581,0.993391
420.000000,0.917844,0.918995,0.906333,0.895220,0.993414
421.000000,0.916240,0.918995,0.907912,0.896748,0.993438
422.000000,0.911233,0.916761,0.908105,0.897505,0.993461
423.000000,0.907242,0.915047,0.908972,0.898571,0.993485
424.000000,0.899626,0.910276,0.908686,0.898509,0.993508
425.000000,0.892307,0.905076,0.908119,0.898252,0.993531
426.000000,0.886606,0.901423,0.908307,0.898952,0.993555
427.000000,0.882541,0.896887,0.907194,0.899032,0.993578
428.000000,0.880216,0.893729,0.906285,0.899942,0.993602
429.000000,0.883018,0.891322,0.905371,0.900597,0.993625
430.000000,0.890183,0.891245,0.905120,0.901304,0.993649
431.000000,0.893334,0.889970,0.904483,0.901932,0.993672
432.000000,0.902037,0.892289,0.904525,0.902833,0.993696
433.000000,0.909370,0.894793,0.904920,0.904245,0.993719
434.000000,0.915647,0.899332,0.904804,0.905568,0.993867
435.000000,0.917635,0.903909,0.904492,0.906715,0.994015
436.000000,0.919122,0.906228,0.903826,0.907614,0.994163
437.000000,0.916872,0.909455,0.903171,0.907947,0.994311
438.000000,0.914099,0.911734,0.902732,0.908101,0.994460
439.000000,0.908783,0.912215,0.901768,0.907652,0.994608
440.000000,0.905331,0.911483,0.901364,0.907241,0.994756
441.000000,0.905239,0.912180,0.901075,0.907049,0.994904
442.000000,0.906703,0.911787,0.902038,0.906946,0.995052
443.000000,0.908089,0.911094,0.902943,0.906978,0.995200
444.000000,0.913251,0.911017,0.905175,0.906875,0.995348
445.000000,0.916102,0.910716,0.907313,0.906567,0.995496
446.000000,0.918331,0.911785,0.909007,0.906479,0.995645
447.000000,0.918262,0.912482,0.910968,0.906275,0.995793
448.000000,0.919589,0.913839,0.912787,0.906434,0.995941
449.000000,0.921368,0.917310,0.914762,0.906949,0.996089
450.000000,0.924357,0.920230,0.915856,0.907653,0.996237
451.000000,0.924824,0.921577,0.916879,0.907909,0.996385
452.000000,0.926665,0.922463,0.917125,0.908847,0.996533
453.000000,0.928419,0.924004,0.917549,0.909964,0.996681
454.000000,0.929945,0.925657,0.918337,0.912002,0.996791
455.000000,0.932104,0.928231,0.919474,0.914285,0.996901
456.000000,0.936543,0.930683,0.921234,0.916232,0.997010
457.000000,0.940935,0.933800,0.923141,0.918579,0.997120
458.000000,0.943169,0.935794,0.924817,0.920456,0.997230
459.000000,0.942637,0.936291,0.926800,0.921939,0.997339
460.000000,0.940780,0.936442,0.928336,0.922718,0.997449
461.000000,0.939732,0.938138,0.929857,0.923965,0.997559
462.000000,-1234.000000,-1234.000000,-1234.000000,-1234.000000,-1234.000000
463.000000,0.933427,0.938839,0.931031,0.924156,-1234.000000
464.000000,0.931789,0.937816,0.931416,0.924382,0.997778
465.000000,0.929621,0.935820,0.931826,0.924547,0.997888
466.000000,0.932799,0.936650,0.933510,0.926019,0.997998
467.000000,0.935684,0.936650,0.935150,0.927334,0.998107
468.000000,0.938893,0.936464,0.936111,0.928431,0.998217
469.000000,0.942052,0.937491,0.936860,0.930118,0.998327
470.000000,0.948508,0.940114,0.938181,0.931991,0.998436
471.000000,0.948881,0.941733,0.939841,0.933543,0.998546
472.000000,0.950113,0.942899,0.941321,0.934818,0.998656
473.000000,0.951297,0.945095,0.942132,0.935881,0.998765
474.000000,0.952298,0.947175,0.942742,0.936850,0.998875
475.000000,0.952144,0.950326,0.943455,0.938205,0.998876
476.000000,0.951929,0.950405,0.943890,0.939336,0.998877
477.000000,0.948000,0.949057,0.943180,0.939945,0.998878
478.000000,0.946690,0.948993,0.943058,0.940553,0.998880
479.000000,0.945879,0.949089,0.943595,0.941076,0.998881
480.000000,0.942027,0.947086,0.943783,0.941252,0.998882
481.000000,0.937555,0.944742,0.943317,0.941531,0.998883
482.000000,0.938634,0.943317,0.943108,0.942009,0.998884
483.000000,0.938820,0.942755,0.943925,0.942347,0.998885
484.000000,0.936419,0.941149,0.944162,0.942193,0.998887
485.000000,0.933920,0.937973,0.944150,0.941565,0.998888
486.000000,0.932225,0.934890,0.942648,0.940786,0.998889
487.000000,0.928296,0.933465,0.941261,0.939830,0.998890
488.000000,0.927185,0.933003,0.940998,0.939591,0.998891
489.000000,0.928055,0.932237,0.940663,0.939679,0.998893
490.000000,0.929707,0.931814,0.939450,0.939656,0.998894
491.000000,0.930025,0.931125,0.937934,0.939113,0.998895
492.000000,0.930923,0.929609,0.936463,0.938608,0.998896
493.000000,0.928689,0.927937,0.935346,0.938596,0.998898
494.000000,0.927564,0.927810,0.934479,0.938711,0.998898
495.000000,0.925168,0.927438,0.932706,0.938579,0.998924
496.000000,0.927827,0.928926,0.931908,0.938074,0.998949
497.000000,0.930550,0.930737,0.932101,0.937753,0.998974
498.000000,0.932176,0.930432,0.931717,0.937476,0.998999
499.000000,0.932483,0.930023,0.931130,0.937116,0.999024
500.000000,0.934724,0.929946,0.930880,0.936282,0.999049
501.000000,0.929244,0.928535,0.929830,0.934801,0.999074
502.000000,0.921539,0.926045,0.927827,0.932990,0.999099
503.000000,0.914906,0.923541,0.925739,0.931411,0.999124
504.000000,0.909899,0.921191,0.924500,0.930050,0.999149
505.000000,0.901073,0.917899,0.922668,0.927770,0.999174
506.000000,0.897029,0.913136,0.921031,0.925651,0.999199
507.000000,0.891636,0.906587,0.918662,0.923596,0.999225
508.000000,0.887629,0.901268,0.915850,0.921568,0.999250
509.000000,0.888515,0.899207,0.914615,0.920489,0.999274
510.000000,0.894549,0.897811,0.913879,0.919857,0.999300
511.000000,0.901868,0.899448,0.913992,0.919703,0.999325
512.000000,0.911960,0.901798,0.913921,0.919151,0.999350
513.000000,0.922129,0.904879,0.914210,0.918786,0.999375
514.000000,0.924787,0.906651,0.913921,0.918551,0.999400
515.000000,0.926948,0.910748,0.914324,0.918695,0.999411
516.000000,0.926324,0.914096,0.913616,0.918719,0.999423
517.000000,0.924898,0.918429,0.912508,0.918584,0.999434
518.000000,0.920738,0.921433,0.911351,0.917711,0.999445
519.000000,0.917296,0.921042,0.910124,0.916757,0.999456
520.000000,0.911533,0.919240,0.908526,0.915666,0.999468
521.000000,0.909384,0.917854,0.908651,0.915279,0.999479
522.000000,0.909578,0.917238,0.909518,0.915027,0.999490
523.000000,0.911504,0.916121,0.910500,0.914847,0.999501
524.000000,0.914946,0.916121,0.911386,0.914654,0.999513
525.000000,0.918945,0.915239,0.912994,0.914629,0.999524
526.000000,0.920177,0.914780,0.914438,0.914004,0.999535
527.000000,0.921487,0.915532,0.916981,0.913516,0.999546
528.000000,0.921410,0.916457,0.918945,0.913053,0.999558
529.000000,0.919253,0.917099,0.919070,0.912449,0.999569
530.000000,0.921041,0.919993,0.919617,0.912348,0.999580
531.000000,0.921195,0.920686,0.919270,0.912663,0.999591
532.000000,0.918737,0.920112,0.918675,0.913049,0.999603
533.000000,0.915901,0.918656,0.917388,0.913219,0.999614
534.000000,0.913436,0.916344,0.916233,0.913039,0.999625
535.000000,0.908813,0.914927,0.915083,0.913638,0.999700
536.000000,0.905193,0.913194,0.913987,0.914023,0.999775
537.000000,0.901266,0.910002,0.912767,0.914654,0.999850
538.000000,0.895318,0.905610,0.911033,0.914500,0.999925
539.000000,0.885149,0.899292,0.908196,0.912478,1.000000
540.000000,0.867730,0.888271,0.904132,0.909168,0.999468
541.000000,0.852112,0.878653,0.899669,0.905731,0.999479
542.000000,0.840996,0.871131,0.895622,0.902827,0.999490
543.000000,0.836090,0.865704,0.892180,0.900160,0.999501
544.000000,0.836399,0.860774,0.888559,0.897746,0.999513
545.000000,0.842870,0.855300,0.885113,0.895155,0.999524
546.000000,0.843155,0.847634,0.880414,0.891869,0.999535
547.000000,0.843321,0.842159,0.876080,0.889231,0.999546
548.000000,0.839985,0.838037,0.871824,0.886701,0.999558
549.000000,0.832896,0.834648,0.866970,0.883680,0.999274
550.000000,0.830765,0.836817,0.862544,0.881694,0.999300
551.000000,0.833539,0.838347,0.858500,0.879229,0.999325
552.000000,0.834939,0.839130,0.855131,0.876791,0.999350
553.000000,0.835401,0.837693,0.851699,0.874018,0.999375
554.000000,0.837802,0.835349,0.848061,0.870822,0.999400
555.000000,0.837132,0.833948,0.844624,0.868058,0.999411
556.000000,0.840610,0.837075,0.842354,0.865967,0.999423
557.000000,0.842315,0.838627,0.840393,0.863596,0.999434
558.000000,0.840193,0.837797,0.837917,0.860482,0.999445
559.000000,0.838845,0.838324,0.836486,0.857421,0.999456
560.000000,0.832210,0.834671,0.835744,0.853253,0.999049
561.000000,0.821212,0.830911,0.834629,0.849304,0.998883
562.000000,0.809129,0.825722,0.832426,0.845328,0.997559
563.000000,0.805550,0.822872,0.830282,0.842090,0.996083
564.000000,0.797576,0.818210,0.826780,0.838111,0.995594
565.000000,0.792452,0.812331,0.823140,0.833860,0.994750
566.000000,0.791958,0.806585,0.821830,0.830431,0.993531
567.000000,0.793232,0.801181,0.819904,0.827322,0.992445
568.000000,0.795389,0.800470,0.819133,0.825435,0.992560
569.000000,0.805008,0.801292,0.819808,0.824754,0.992675
570.000000,0.816641,0.804547,0.819609,0.825345,0.992790
571.000000,0.825525,0.808742,0.819826,0.826000,0.992905
572.000000,0.835618,0.814425,0.820074,0.826426,0.993020
573.000000,0.841415,0.818402,0.820637,0.826322,0.993135
574.000000,0.844497,0.824752,0.821481,0.826104,0.993250
575.000000,0.844150,0.830396,0.821363,0.825558,0.993274
576.000000,0.843548,0.834537,0.820561,0.826065,0.993297
577.000000,0.844860,0.840239,0.820710,0.826682,0.993321
578.000000,0.846369,0.843892,0.822181,0.827386,0.993344
579.000000,0.847789,0.846143,0.823717,0.828586,0.993367
580.000000,0.851063,0.847607,0.826077,0.828941,0.993391
581.000000,0.853028,0.848288,0.828515,0.829314,0.993414
582.000000,0.853719,0.849289,0.831857,0.829812,0.993438
583.000000,0.855580,0.850975,0.834688,0.830749,0.993461
584.000000,0.856433,0.852111,0.838432,0.831691,0.993485
585.000000,0.856726,0.853894,0.842145,0.832207,0.993508
586.000000,0.859030,0.856029,0.845283,0.832384,0.993531
587.000000,0.857489,0.855604,0.847921,0.832341,0.993555
588.000000,0.854612,0.855096,0.849494,0.833153,0.993578
589.000000,0.854496,0.855465,0.850804,0.834300,0.993602
590.000000,0.855488,0.856107,0.851857,0.836087,0.993625
591.000000,0.854263,0.856646,0.852467,0.837892,0.993649
592.000000,0.855050,0.856270,0.852779,0.839995,0.993672
593.000000,0.853151,0.853881,0.852428,0.841086,0.993696
594.000000,0.849145,0.851820,0.851966,0.842895,0.993719
595.000000,0.845702,0.850595,0.852245,0.844962,0.993813
596.000000,0.843391,0.848827,0.852428,0.846464,0.993906
597.000000,0.837904,0.846477,0.851040,0.847440,0.994000
598.000000,0.833786,0.843468,0.849282,0.847485,0.994094
599.000000,0.832205,0.840675,0.848070,0.847427,0.994188
600.000000,0.831267,0.838485,0.847296,0.847399,0.994281
601.000000,0.831030,0.837210,0.846928,0.847381,0.994375
602.000000,0.835267,0.836586,0.846428,0.847381,0.994469
603.000000,0.839622,0.836704,0.845293,0.847187,0.994563
604.000000,0.841126,0.836666,0.844243,0.846866,0.994656
605.000000,0.841602,0.836435,0.843515,0.846975,0.994750
606.000000,0.840607,0.835819,0.842323,0.846891,0.994844
607.000000,0.838527,0.836897,0.841687,0.846326,0.994938
608.000000,0.836978,0.838300,0.840884,0.845622,0.995031
609.000000,0.837441,0.839284,0.839979,0.845141,0.995125
610.000000,0.837025,0.839314,0.838899,0.844635,0.995219
611.000000,0.836099,0.838353,0.837782,0.844070,0.995313
612.000000,0.835175,0.836851,0.836718,0.843235,0.995406
613.000000,0.832788,0.834883,0.835794,0.841823,0.995500
614.000000,0.827703,0.832572,0.834619,0.840353,0.993719
615.000000,0.823805,0.830415,0.833425,0.839148,0.993274
616.000000,0.820536,0.828318,0.832068,0.837654,0.992828
617.000000,0.813834,0.824504,0.830701,0.835959,0.992208
618.000000,0.808749,0.820768,0.829534,0.834179,0.991180
619.000000,0.806900,0.817302,0.828293,0.832420,0.990917
620.000000,0.806977,0.815391,0.827352,0.831063,0.990919
621.000000,0.805547,0.813042,0.825697,0.829535,0.988164
622.000000,0.803236,0.808535,0.822693,0.827324,0.986154
623.000000,0.801926,0.805337,0.820110,0.825642,0.985514
624.000000,0.800589,0.803745,0.818158,0.824327,0.984522
625.000000,0.800512,0.803744,0.817080,0.823531,0.984598
626.000000,0.802515,0.804031,0.816174,0.822722,0.984674
627.000000,0.807060,0.805148,0.814826,0.822183,0.984750
628.000000,0.812992,0.807459,0.814114,0.822176,0.984826
629.000000,0.816409,0.808499,0.812900,0.821695,0.984902
630.000000,0.814561,0.807536,0.811464,0.820747,0.983692
631.000000,0.808937,0.805726,0.809384,0.819040,0.983336
632.000000,0.805328,0.806194,0.807364,0.817193,0.982891
633.000000,0.796926,0.804959,0.805148,0.815060,0.982469
634.000000,0.786140,0.801275,0.802510,0.812530,0.982469
635.000000,0.774711,0.794636,0.799190,0.809598,0.982064
636.000000,0.766776,0.787856,0.795944,0.806735,0.982005
637.000000,0.759402,0.782365,0.793757,0.804006,0.981602
638.000000,0.752011,0.774468,0.790964,0.800899,0.981532
639.000000,0.751587,0.768864,0.788681,0.798221,0.980126
640.000000,0.747542,0.761126,0.784331,0.794685,0.978180
641.000000,0.744537,0.755656,0.780691,0.791475,0.976179
642.000000,0.737492,0.748447,0.777320,0.787725,0.975226
643.000000,0.734487,0.743249,0.774104,0.784515,0.974762
644.000000,0.732219,0.741903,0.771589,0.782307,0.973894
645.000000,0.732593,0.740067,0.767352,0.779483,0.973201
646.000000,0.734519,0.739528,0.763692,0.777138,0.972532
647.000000,0.739219,0.738355,0.760360,0.775289,0.971631
648.000000,0.742646,0.738567,0.756518,0.773498,0.971292
649.000000,0.745107,0.738663,0.753763,0.772009,0.970635
650.000000,0.749576,0.741084,0.751105,0.769916,0.970286
651.000000,0.747154,0.740837,0.748247,0.767406,0.970071
652.000000,0.744933,0.742076,0.745261,0.765572,0.968735
653.000000,0.743277,0.742962,0.743105,0.763723,0.967399
654.000000,0.736729,0.740918,0.741410,0.761365,0.966064
655.000000,0.727715,0.738645,0.739356,0.757783,0.965618
656.000000,0.721508,0.734331,0.736930,0.753905,0.964819
657.000000,0.715273,0.730103,0.734229,0.750274,0.964270
658.000000,0.705180,0.724229,0.731398,0.745755,0.963814
659.000000,0.699633,0.718181,0.728422,0.741903,0.963182
660.000000,0.701020,0.714367,0.727726,0.738859,0.961864
661.000000,0.706456,0.713982,0.727409,0.736825,0.960889
662.000000,0.710983,0.713128,0.727602,0.734550,0.959670
663.000000,0.718071,0.711626,0.727294,0.732612,0.958517
664.000000,0.724274,0.711954,0.726436,0.731592,0.955787
665.000000,0.724599,0.712809,0.725727,0.730507,0.952181
666.000000,0.721358,0.713907,0.724119,0.729255,0.949995
667.000000,0.721435,0.716209,0.723156,0.728222,0.948954
668.000000,0.722205,0.720138,0.722183,0.727644,0.948175
669.000000,0.720277,0.722276,0.720228,0.726373,0.946820
670.000000,0.724267,0.724433,0.719400,0.726628,0.946283
671.000000,0.730436,0.725897,0.719940,0.726905,0.944505
672.000000,0.735982,0.728709,0.720918,0.727971,0.936366
673.000000,0.742532,0.732368,0.721997,0.728985,0.934443
674.000000,0.750115,0.735196,0.723575,0.729356,0.930440
675.000000,0.752888,0.738577,0.725693,0.730011,0.926877
676.000000,0.755009,0.742723,0.728315,0.730320,0.925424
677.000000,0.754326,0.745154,0.730682,0.730489,0.924288
678.000000,0.757152,0.749842,0.734990,0.731403,0.924346
679.000000,0.759545,0.754830,0.738553,0.731762,0.924405
680.000000,0.761009,0.756949,0.740691,0.731916,0.923925
681.000000,0.762696,0.758852,0.742375,0.732911,0.923938
682.000000,0.767694,0.761010,0.744859,0.734282,0.923951
683.000000,0.766485,0.761819,0.747093,0.735271,0.923965
684.000000,0.765176,0.762361,0.748778,0.736503,0.923978
685.000000,0.765657,0.763333,0.750955,0.738240,0.923992
686.000000,0.763269,0.762982,0.752852,0.739871,0.923295
687.000000,0.757567,0.762631,0.753892,0.741331,0.922471
688.000000,0.754086,0.760285,0.755064,0.743422,0.921691
689.000000,0.752082,0.758629,0.756730,0.745245,0.919466
690.000000,0.752069,0.758863,0.757906,0.746748,0.919546
691.000000,0.753225,0.758247,0.758550,0.747666,0.919627
692.000000,0.753226,0.755396,0.758203,0.748372,0.918211
693.000000,0.752717,0.753401,0.757610,0.749196,0.917786
694.000000,0.748254,0.750168,0.756264,0.749242,0.916846
695.000000,0.744183,0.748126,0.755730,0.750012,0.915951
696.000000,0.740099,0.746662,0.754822,0.750789,0.913799
697.000000,0.740099,0.746663,0.754647,0.751482,0.913561
698.000000,0.740392,0.746555,0.753420,0.752227,0.913189
699.000000,0.745857,0.747055,0.752842,0.753505,0.913213
700.000000,0.752234,0.748209,0.753536,0.754674,0.913236
701.000000,0.760093,0.750096,0.754172,0.755732,0.913259
702.000000,0.765948,0.753023,0.754210,0.756477,0.913282
703.000000,0.772304,0.756348,0.754875,0.757189,0.913306
704.000000,0.778829,0.762343,0.756256,0.758291,0.913328
705.000000,0.783220,0.767727,0.757927,0.759729,0.913351
706.000000,0.785800,0.772947,0.759805,0.760864,0.913375
707.000000,0.789295,0.777621,0.762142,0.762305,0.913398
708.000000,0.790643,0.781473,0.764014,0.762771,0.913421
709.000000,0.790049,0.784439,0.765747,0.763375,0.913444
710.000000,0.789818,0.786519,0.767364,0.764530,0.913468
711.000000,0.789163,0.787482,0.768789,0.765275,0.913491
712.000000,0.786344,0.787819,0.770421,0.765413,0.913514
713.000000,0.785803,0.788223,0.772285,0.765991,0.913537
714.000000,0.781443,0.785746,0.774044,0.766086,0.913561
715.000000,0.773970,0.781894,0.774810,0.765916,0.913561
716.000000,0.767730,0.778447,0.775697,0.766019,0.913561
717.000000,0.763371,0.774857,0.776239,0.766380,0.913561
718.000000,0.757753,0.771778,0.776626,0.766602,0.913561
719.000000,0.757416,0.769430,0.776934,0.766975,0.913561
720.000000,0.758487,0.766228,0.776374,0.766985,0.913562
721.000000,0.759257,0.763494,0.775488,0.767024,0.913562
722.000000,0.757780,0.760576,0.774198,0.767140,0.913282
723.000000,0.758293,0.758023,0.773123,0.767531,0.913306
724.000000,0.756341,0.756879,0.771312,0.768323,0.913328
725.000000,0.756195,0.757341,0.769617,0.768987,0.913351
726.000000,0.755957,0.757607,0.768027,0.769667,0.913375
727.000000,0.758515,0.758148,0.766503,0.770209,0.913398
728.000000,0.758468,0.758381,0.765079,0.770544,0.913421
729.000000,0.761573,0.758957,0.764193,0.770942,0.913444
730.000000,0.766625,0.761410,0.763819,0.771386,0.913468
731.000000,0.772131,0.764044,0.763769,0.771673,0.913491
732.000000,0.776660,0.767587,0.764082,0.771994,0.913514
733.000000,0.780250,0.769359,0.763691,0.771868,0.913537
734.000000,0.781405,0.771489,0.764184,0.771371,0.913561
735.000000,0.778873,0.772749,0.765045,0.770661,0.913561
736.000000,0.777610,0.774871,0.766239,0.770308,0.913561
737.000000,0.778067,0.777364,0.767756,0.770123,0.913561
738.000000,0.781198,0.780724,0.769552,0.770294,0.913561
739.000000,0.784339,0.782872,0.770915,0.770420,0.913561
740.000000,0.786169,0.782521,0.771966,0.770053,0.913562
741.000000,0.782140,0.779875,0.771960,0.769138,0.913562
742.000000,0.773826,0.775946,0.771767,0.768037,0.913282
743.000000,0.762475,0.771836,0.770598,0.766406,0.912490
744.000000,0.751553,0.767946,0.769718,0.765438,0.911871
745.000000,0.743387,0.764778,0.768763,0.764956,0.911721
746.000000,0.739790,0.760965,0.767918,0.764481,0.911465
747.000000,0.742794,0.758310,0.767837,0.764607,0.911493
748.000000,0.750361,0.756418,0.768571,0.765174,0.911522
749.000000,0.756832,0.754193,0.768532,0.765341,0.911550
750.000000,0.766119,0.754753,0.768637,0.766228,0.911578
751.000000,0.763421,0.751606,0.765740,0.765175,0.911005
752.000000,0.751590,0.747192,0.761569,0.763575,0.910262
753.000000,0.741759,0.746060,0.758948,0.762418,0.909726
754.000000,0.735912,0.746372,0.757159,0.761936,0.908034
755.000000,0.728747,0.747433,0.756105,0.761653,0.908123
756.000000,0.734491,0.748956,0.754961,0.761597,0.908212
757.000000,0.742547,0.747069,0.752689,0.760914,0.907556
758.000000,0.745273,0.743516,0.749967,0.760219,0.907472
759.000000,0.743186,0.739549,0.746871,0.758871,0.907468
760.000000,0.741569,0.735158,0.744955,0.757477,0.907142
761.000000,0.741294,0.737893,0.744749,0.756458,0.907165
762.000000,0.746225,0.744386,0.745789,0.755842,0.907189
763.000000,0.752312,0.748793,0.747426,0.755563,0.907212
764.000000,0.760247,0.751716,0.749044,0.755345,0.907235
765.000000,0.764639,0.753104,0.750268,0.755105,0.907258
766.000000,0.767951,0.754623,0.751789,0.754848,0.907281
767.000000,0.767258,0.756742,0.751905,0.754040,0.907305
768.000000,0.767616,0.759964,0.751740,0.753299,0.907328
769.000000,0.766846,0.763546,0.751548,0.752429,0.907351
770.000000,0.767924,0.766281,0.750719,0.752064,0.907374
771.000000,0.766999,0.767475,0.752684,0.752324,0.907398
772.000000,0.768078,0.767668,0.756027,0.753082,0.907421
773.000000,0.768721,0.768169,0.758481,0.754340,0.907444
774.000000,0.769569,0.768207,0.759962,0.755432,0.907467
775.000000,0.771116,0.769520,0.761312,0.756685,0.907467
776.000000,0.772041,0.769520,0.762071,0.757700,0.907467
777.000000,0.772069,0.770073,0.763407,0.757961,0.907468
778.000000,0.770594,0.769658,0.764811,0.757713,0.907468
779.000000,0.770324,0.769946,0.766746,0.757681,0.907468
780.000000,0.769156,0.770136,0.768209,0.757192,0.907468
781.000000,0.769954,0.770997,0.769236,0.758788,0.907469
782.000000,0.771621,0.771845,0.769756,0.761300,0.907469
783.000000,0.773943,0.772268,0.770219,0.763077,0.907469
784.000000,0.776679,0.773502,0.770854,0.764475,0.907469
785.000000,0.778411,0.773784,0.771652,0.765469,0.907470
786.000000,0.780612,0.775283,0.772401,0.766475,0.907470
787.000000,0.782394,0.777007,0.773540,0.767941,0.907470
788.000000,0.784320,0.779131,0.774394,0.769584,0.907470
789.000000,0.785089,0.780884,0.775415,0.771459,0.907470
790.000000,0.785521,0.781966,0.776051,0.772794,0.907471
791.000000,0.785525,0.783069,0.777033,0.773847,0.907471
792.000000,0.785824,0.784109,0.777977,0.774540,0.907471
793.000000,0.785747,0.785033,0.778651,0.775157,0.907471
794.000000,-1234.000000,-1234.000000,-1234.000000,-1234.000000,-1234.000000
795.000000,0.784250,0.784956,0.779076,0.775781,-1234.000000
796.000000,0.783534,0.784640,0.779715,0.776200,0.907472
797.000000,0.782571,0.784378,0.780499,0.776904,0.907472
798.000000,0.780934,0.783608,0.781252,0.777254,0.907472
799.000000,0.781117,0.782995,0.781884,0.777768,0.907472
800.000000,0.784002,0.784112,0.782982,0.778553,0.907472
801.000000,0.787040,0.785482,0.784212,0.779655,0.907472
802.000000,0.789659,0.786509,0.785246,0.780625,0.907472
803.000000,0.793317,0.787814,0.786350,0.781494,0.907472
804.000000,0.793458,0.787287,0.786299,0.781886,0.907472
805.000000,0.791678,0.787840,0.786474,0.782098,0.907472
806.000000,0.786439,0.786740,0.785745,0.782138,0.907472
807.000000,0.781277,0.785468,0.784952,0.782212,0.907472
808.000000,0.776972,0.785145,0.784417,0.782594,0.907472
809.000000,0.772235,0.782846,0.782917,0.782216,0.907472
810.000000,0.768229,0.779953,0.781923,0.781938,0.907472
811.000000,0.767384,0.776912,0.780971,0.781695,0.907472
812.000000,0.767693,0.774485,0.780181,0.781535,0.907472
813.000000,0.770914,0.773943,0.780514,0.782072,0.907472
814.000000,0.775382,0.773809,0.780548,0.781992,0.907472
815.000000,0.777083,0.772656,0.780248,0.781709,0.907472
816.000000,0.778544,0.772964,0.779852,0.781338,0.907500
817.000000,0.780393,0.774043,0.779756,0.781190,0.907528
818.000000,0.776585,0.773750,0.779447,0.780738,0.907556
819.000000,0.775737,0.775560,0.779203,0.780380,0.907584
820.000000,0.775640,0.776362,0.778158,0.780005,0.907612
821.000000,0.775716,0.777130,0.777021,0.779647,0.907640
822.000000,0.775948,0.778170,0.776328,0.779487,0.907669
823.000000,0.776421,0.776503,0.775223,0.779130,0.907697
824.000000,0.774824,0.775280,0.774544,0.778792,0.907725
825.000000,0.774914,0.775277,0.773967,0.778591,0.907753
826.000000,0.772257,0.773987,0.773476,0.777897,0.907781
827.000000,0.767250,0.771599,0.772821,0.777037,0.907809
828.000000,0.763310,0.769865,0.771807,0.776253,0.907837
829.000000,0.760592,0.767708,0.771634,0.775371,0.907865
830.000000,0.755665,0.765290,0.770826,0.773868,0.907894
831.000000,0.754995,0.763626,0.770378,0.772556,0.907922
832.000000,0.755611,0.761430,0.769800,0.771362,0.907950
833.000000,0.756998,0.760154,0.768328,0.770200,0.907978
834.000000,0.757693,0.759142,0.767211,0.769410,0.908006
835.000000,0.759831,0.757748,0.766513,0.768560,0.908034
836.000000,0.759816,0.757405,0.765696,0.768119,0.908123
837.000000,0.758429,0.757020,0.764309,0.767554,0.908212
838.000000,0.757385,0.757192,0.763529,0.766936,0.908301
839.000000,0.755844,0.756768,0.762238,0.766679,0.908390
840.000000,0.754094,0.756962,0.761126,0.766205,0.908479
841.000000,0.752121,0.755968,0.759797,0.765575,0.908568
842.000000,0.749733,0.754081,0.757756,0.764560,0.907669
843.000000,0.745769,0.751577,0.755866,0.762745,0.907472
844.000000,0.741763,0.748804,0.753973,0.761075,0.907469
845.000000,0.740639,0.747367,0.752557,0.760131,0.907235
846.000000,0.740732,0.746426,0.751916,0.759273,0.907258
847.000000,0.743351,0.746542,0.751781,0.758387,0.907281
848.000000,0.746587,0.746178,0.751685,0.757745,0.907305
849.000000,0.749592,0.745677,0.751223,0.756718,0.907328
850.000000,0.749476,0.745058,0.751010,0.755770,0.906886
851.000000,0.749230,0.744981,0.750475,0.754858,0.906909
852.000000,0.746995,0.745173,0.749627,0.753562,0.906499
853.000000,0.745378,0.745982,0.748780,0.752571,0.906511
854.000000,0.743760,0.746676,0.747740,0.751540,0.906300
855.000000,0.744083,0.746780,0.747073,0.750631,0.906300
856.000000,0.743544,0.746387,0.746407,0.750073,0.906296
857.000000,0.743544,0.745270,0.745906,0.749611,0.906088
858.000000,0.743908,0.744643,0.745410,0.749337,0.906100
859.000000,0.744601,0.744180,0.744929,0.748875,0.905690
860.000000,0.744354,0.744219,0.744638,0.748746,0.905714
861.000000,0.745048,0.744296,0.744638,0.748415,0.905737
862.000000,0.745741,0.744643,0.744908,0.747966,0.905761
863.000000,0.746379,0.745143,0.745563,0.747568,0.905784
864.000000,0.749461,0.747031,0.746853,0.747503,0.905808
865.000000,0.753544,0.748949,0.747864,0.747699,0.905831
866.000000,0.758783,0.751915,0.749151,0.748243,0.905855
867.000000,0.764561,0.755151,0.750210,0.748988,0.905878
868.000000,0.770129,0.758254,0.751448,0.749692,0.905901
869.000000,0.773982,0.761721,0.752951,0.750526,0.905925
870.000000,0.778336,0.765940,0.755079,0.751739,0.905948
871.000000,0.778952,0.768867,0.756582,0.752715,0.905972
872.000000,0.778567,0.771564,0.758103,0.753793,0.905995
873.000000,0.776773,0.773451,0.759297,0.754859,0.906019
874.000000,0.774924,0.774453,0.760742,0.756053,0.906042
875.000000,0.771341,0.774838,0.761894,0.756856,0.906065
876.000000,0.769678,0.774315,0.763115,0.757539,0.906065
877.000000,0.768214,0.773391,0.764271,0.757937,0.906065
878.000000,0.767752,0.772263,0.765258,0.758386,0.906065
879.000000,0.767829,0.771377,0.766549,0.759093,0.906065
880.000000,0.766673,0.769007,0.767473,0.759722,0.906065
881.000000,0.765948,0.767813,0.768340,0.760325,0.906065
882.000000,0.766487,0.767351,0.769457,0.761186,0.906065
883.000000,0.767989,0.767871,0.770661,0.762155,0.906065
884.000000,0.771533,0.769681,0.772067,0.763722,0.906065
885.000000,0.777465,0.772069,0.773454,0.765286,0.906065
886.000000,0.781394,0.773671,0.773993,0.766634,0.906065
887.000000,0.783860,0.775173,0.774282,0.767905,0.906065
888.000000,0.785978,0.776984,0.774623,0.769167,0.906065
889.000000,0.786586,0.779060,0.775218,0.770719,0.906065
890.000000,0.785743,0.781604,0.775305,0.772184,0.906065
891.000000,0.786744,0.784069,0.775941,0.773583,0.906065
892.000000,0.787592,0.785726,0.776538,0.774880,0.906065
893.000000,0.787438,0.786708,0.777289,0.776010,0.906065
894.000000,0.786213,0.786400,0.778040,0.776845,0.906065
895.000000,0.785362,0.785552,0.778811,0.777487,0.906065
896.000000,0.784669,0.785706,0.779689,0.777898,0.906077
897.000000,0.784977,0.786284,0.780729,0.778283,0.906088
898.000000,0.787134,0.787286,0.782135,0.778844,0.906100
899.000000,0.789060,0.787637,0.783348,0.779358,0.906111
900.000000,0.790062,0.787712,0.784658,0.779441,0.906123
901.000000,0.789676,0.787173,0.785621,0.779685,0.906134
902.000000,0.789291,0.787134,0.786430,0.780070,0.906146
903.000000,0.787750,0.787442,0.787075,0.780674,0.906157
904.000000,0.786595,0.787827,0.787114,0.781303,0.906169
905.000000,0.787151,0.788606,0.787079,0.782076,0.906180
906.000000,0.787626,0.788651,0.787179,0.782676,0.906192
907.000000,0.787433,0.788362,0.787323,0.783273,0.906203
908.000000,0.786894,0.787322,0.787304,0.783864,0.906214
909.000000,0.788000,0.787297,0.787467,0.784665,0.906226
910.000000,0.788669,0.787910,0.787811,0.785742,0.906238
911.000000,0.790428,0.789027,0.788100,0.786756,0.906249
912.000000,0.792932,0.790183,0.788658,0.787681,0.906261
913.000000,0.796168,0.791531,0.789487,0.788560,0.906272
914.000000,0.798374,0.793187,0.790507,0.789138,0.906284
915.000000,0.800231,0.794450,0.791528,0.789536,0.906295
916.000000,0.801772,0.796100,0.792376,0.790153,0.906296
917.000000,0.803295,0.798114,0.793238,0.790920,0.906296
918.000000,0.804675,0.800421,0.793872,0.791676,0.906296
919.000000,0.803827,0.801101,0.794199,0.792012,0.906296
920.000000,0.802903,0.801567,0.794738,0.792396,0.906297
921.000000,0.801901,0.801837,0.795432,0.792679,0.906297
922.000000,0.802458,0.802877,0.796530,0.793398,0.906297
923.000000,0.801079,0.802877,0.797204,0.793950,0.906297
924.000000,0.803082,0.803455,0.798321,0.794823,0.906297
925.000000,0.803390,0.803146,0.798798,0.795401,0.906297
926.000000,0.803595,0.802748,0.799424,0.795833,0.906298
927.000000,0.800513,0.801486,0.799800,0.795987,0.906298
928.000000,0.799981,0.800530,0.800476,0.796091,0.906298
929.000000,0.799197,0.801139,0.801120,0.796513,0.906298
930.000000,0.800353,0.801871,0.801719,0.797116,0.906299
931.000000,0.800687,0.802141,0.801989,0.797668,0.906299
932.000000,0.804231,0.802372,0.802624,0.798477,0.906299
933.000000,0.808677,0.804329,0.803603,0.799579,0.906299
934.000000,0.810911,0.805054,0.804254,0.800565,0.906300
935.000000,0.812066,0.806210,0.804678,0.801269,0.906300
936.000000,0.813607,0.807147,0.804948,0.801998,0.906312
937.000000,0.812991,0.808611,0.805048,0.802737,0.906323
938.000000,0.810002,0.809339,0.804935,0.803430,0.906335
939.000000,0.808783,0.809847,0.805493,0.804029,0.906347
940.000000,0.808620,0.810343,0.806107,0.804594,0.906358
941.000000,0.810161,0.811884,0.807013,0.805287,0.906370
942.000000,0.811471,0.812231,0.807302,0.805827,0.906382
943.000000,0.812689,0.811345,0.807837,0.806184,0.906394
944.000000,0.812935,0.810859,0.807956,0.806456,0.906405
945.000000,0.811479,0.810050,0.808130,0.806469,0.906417
946.000000,0.809676,0.809918,0.808533,0.806605,0.906429
947.000000,0.807995,0.809733,0.809172,0.806610,0.906440
948.000000,0.806154,0.809421,0.809380,0.806430,0.906452
949.000000,0.804830,0.808882,0.809364,0.806623,0.906464
950.000000,0.804532,0.808005,0.809174,0.806740,0.906476
951.000000,0.804112,0.806894,0.809389,0.806973,0.906487
952.000000,0.803724,0.805860,0.809045,0.806821,0.906499
953.000000,0.802607,0.804381,0.807863,0.806685,0.906511
954.000000,0.802530,0.803680,0.807269,0.806531,0.906522
955.000000,0.800939,0.802735,0.806393,0.806332,0.906534
956.000000,0.798770,0.801441,0.805680,0.806169,0.906558
957.000000,0.798438,0.801081,0.805407,0.806475,0.906581
958.000000,0.798677,0.800642,0.805032,0.806468,0.906604
959.000000,0.801759,0.802144,0.805513,0.806958,0.906628
960.000000,0.807931,0.804435,0.806220,0.807595,0.906651
961.000000,0.814406,0.806588,0.806741,0.808455,0.906675
962.000000,0.819733,0.809086,0.807473,0.809059,0.906698
963.000000,0.824779,0.811728,0.808054,0.809151,0.906722
964.000000,0.826166,0.813962,0.808821,0.809500,0.906745
965.000000,0.827044,0.817488,0.810112,0.810091,0.906769
966.000000,0.827504,0.820955,0.811198,0.810771,0.906792
967.000000,0.829451,0.824592,0.812836,0.811802,0.906815
968.000000,0.833886,0.829332,0.814987,0.813132,0.906839
969.000000,0.837507,0.831836,0.816990,0.814288,0.906862
970.000000,0.839664,0.833354,0.818895,0.815265,0.906886
971.000000,0.843131,0.835317,0.820953,0.816266,0.906909
972.000000,0.844574,0.837012,0.823049,0.817319,0.906933
973.000000,0.844915,0.839401,0.825564,0.818503,0.906956
974.000000,0.846717,0.842112,0.828037,0.819918,0.906979
975.000000,0.850646,0.845155,0.831321,0.821793,0.907003
976.000000,0.852341,0.847736,0.834346,0.823377,0.907026
977.000000,0.853341,0.848957,0.836774,0.824877,0.907049
978.000000,0.855729,0.850322,0.839827,0.826766,0.907072
979.000000,0.857394,0.852055,0.841946,0.828679,0.907096
980.000000,0.857104,0.853875,0.843615,0.830555,0.907119
981.000000,0.858257,0.855299,0.845308,0.832402,0.907142
982.000000,0.860416,0.856878,0.846945,0.834325,0.907165
983.000000,0.860647,0.858188,0.848794,0.836439,0.907189
984.000000,0.859414,0.858404,0.850258,0.838159,0.907212
985.000000,0.858857,0.857980,0.851568,0.840208,0.907235
986.000000,0.859014,0.858635,0.853186,0.842442,0.907258
987.000000,0.860247,0.860331,0.854644,0.844627,0.907281
988.000000,0.860863,0.860755,0.855539,0.846803,0.907305
989.000000,0.861787,0.860601,0.856328,0.848164,0.907328
990.000000,0.862327,0.860592,0.857233,0.849274,0.907351
991.000000,0.861325,0.860169,0.857734,0.850262,0.907374
992.000000,0.859091,0.859669,0.858273,0.851186,0.907398
993.000000,0.856934,0.858898,0.858543,0.852162,0.907421
994.000000,0.856370,0.859079,0.858741,0.853198,0.907444
995.000000,0.855367,0.858847,0.858414,0.853994,0.907467
996.000000,0.853056,0.857191,0.857913,0.854521,0.907467
997.000000,0.850514,0.854802,0.857567,0.854697,0.907467
998.000000,0.849127,0.853030,0.856893,0.854702,0.907468
999.000000,0.844452,0.850411,0.855506,0.854356,0.907468
1000.000000,0.840139,0.847753,0.854172,0.854073,0.907468
1001.000000,0.838906,0.845981,0.853075,0.853817,0.907468
1002.000000,0.838674,0.844594,0.852131,0.853714,0.907469
1003.000000,0.838119,0.843623,0.851261,0.853570,0.907469
1004.000000,0.840200,0.842326,0.850702,0.853270,0.907469
1005.000000,0.842904,0.841521,0.850184,0.852783,0.907469
1006.000000,0.843612,0.841259,0.849225,0.852362,0.907470
1007.000000,0.844076,0.841375,0.848089,0.852169,0.907470
1008.000000,0.844630,0.841375,0.847203,0.851720,0.907470
1009.000000,0.844784,0.842492,0.846451,0.851168,0.907470
1010.000000,0.843082,0.842993,0.845373,0.850446,0.907470
1011.000000,0.842458,0.843035,0.844508,0.849729,0.907471
1012.000000,0.842381,0.843228,0.843911,0.849164,0.907471
1013.000000,0.841468,0.843049,0.843336,0.848524,0.907471
1014.000000,0.840787,0.842786,0.842556,0.848063,0.907471
1015.000000,0.843214,0.843148,0.842335,0.847839,0.907472
1016.000000,0.847020,0.844739,0.842999,0.847730,0.907472
1017.000000,0.849347,0.845864,0.843619,0.847347,0.907472
1018.000000,0.851646,0.846557,0.843966,0.846987,0.907472
1019.000000,0.855254,0.848021,0.845256,0.846975,0.907472
1020.000000,0.857450,0.850332,0.846662,0.847026,0.907472
1021.000000,0.856934,0.851977,0.847506,0.846998,0.907472
1022.000000,0.857072,0.853210,0.848219,0.847011,0.907472
1023.000000,0.858382,0.855014,0.849032,0.847229,0.907472
1024.000000,0.859790,0.857522,0.850154,0.847545,0.907472
1025.000000,0.860407,0.858928,0.851038,0.847866,0.907472
1026.000000,0.862425,0.859680,0.852209,0.848559,0.907472
1027.000000,0.864582,0.860827,0.853346,0.849355,0.907472
1028.000000,0.867509,0.862946,0.854751,0.850293,0.907472
1029.000000,0.868489,0.864140,0.856080,0.851551,0.907472
1030.000000,0.869799,0.865103,0.857717,0.852809,0.907472
1031.000000,0.870556,0.866491,0.859234,0.853834,0.907472
1032.000000,0.871788,0.868185,0.860697,0.854874,0.907472
1033.000000,0.870787,0.869148,0.862081,0.855737,0.907472
1034.000000,0.869670,0.869080,0.863301,0.856463,0.907472
1035.000000,0.865741,0.867770,0.863349,0.856615,0.907472
1036.000000,0.861440,0.865998,0.862839,0.856805,0.907472
1037.000000,0.857656,0.864722,0.862775,0.857138,0.907472
1038.000000,0.854119,0.862453,0.862700,0.857319,0.907472
1039.000000,0.852694,0.861182,0.862661,0.857781,0.907472
1040.000000,0.852001,0.858871,0.861987,0.858102,0.907472
1041.000000,0.851927,0.856683,0.861587,0.858384,0.907472
1042.000000,0.850303,0.853979,0.861082,0.858458,0.907472
1043.000000,0.850449,0.852284,0.860716,0.858815,0.907472
1044.000000,0.848985,0.850840,0.859960,0.859147,0.907472
1045.000000,0.849405,0.850703,0.859237,0.859134,0.907472
1046.000000,0.850327,0.851127,0.858562,0.858935,0.907472
1047.000000,0.852115,0.851209,0.857965,0.858919,0.907472
1048.000000,0.851730,0.851089,0.856771,0.858829,0.907472
1049.000000,0.851216,0.850101,0.855642,0.858474,0.907472
1050.000000,0.853031,0.851218,0.855044,0.858397,0.907472
1051.000000,0.854468,0.852397,0.854540,0.858524,0.907472
1052.000000,0.854064,0.853089,0.853534,0.858418,0.907472
1053.000000,0.855682,0.853706,0.852995,0.858379,0.907472
1054.000000,0.858737,0.854977,0.852908,0.858299,0.907472
1055.000000,0.860431,0.856731,0.853717,0.858401,0.907472
1056.000000,0.863694,0.859081,0.855104,0.858735,0.907476
1057.000000,0.868258,0.861161,0.856185,0.859031,0.907481
1058.000000,0.870963,0.863322,0.857206,0.858955,0.907486
1059.000000,0.872800,0.865768,0.857935,0.859017,0.907490
1060.000000,0.873879,0.867155,0.859187,0.859081,0.907495
1061.000000,0.872492,0.868093,0.860245,0.859058,0.907500
1062.000000,0.872183,0.870220,0.861655,0.859096,0.907504
1063.000000,0.872251,0.871607,0.862656,0.859199,0.907509
1064.000000,0.872495,0.872648,0.863812,0.859488,0.907514
1065.000000,0.873341,0.873610,0.865171,0.860348,0.907519
1066.000000,0.873727,0.873109,0.866095,0.861106,0.907523
1067.000000,0.872572,0.872378,0.866769,0.861582,0.907528
1068.000000,0.872110,0.872181,0.867752,0.862197,0.907533
1069.000000,0.872264,0.872379,0.869074,0.862750,0.907537
1070.000000,0.872881,0.873111,0.870133,0.863828,0.907542
1071.000000,0.874372,0.874049,0.871071,0.864847,0.907547
1072.000000,0.877300,0.874936,0.872578,0.866082,0.907551
1073.000000,0.879226,0.875668,0.873638,0.866994,0.907556
1074.000000,0.879457,0.875861,0.874254,0.867828,0.907561
1075.000000,0.878773,0.875827,0.874719,0.868723,0.907565
1076.000000,0.878747,0.876559,0.874834,0.869583,0.907584
1077.000000,0.879825,0.878562,0.875470,0.870700,0.907603
1078.000000,0.881058,0.880142,0.876161,0.871882,0.907622
1079.000000,0.883176,0.881317,0.876848,0.873155,0.907640
1080.000000,0.885401,0.882087,0.877599,0.874118,0.907659
1081.000000,0.887827,0.883287,0.878668,0.875143,0.907678
1082.000000,0.887288,0.883557,0.879246,0.876238,0.907697
1083.000000,0.887558,0.884308,0.879988,0.877194,0.907715
1084.000000,0.887031,0.885104,0.880482,0.877871,0.907734
1085.000000,0.886260,0.885831,0.880829,0.878423,0.907753
1086.000000,0.884758,0.886293,0.881426,0.878654,0.907772
1087.000000,0.884097,0.885693,0.882128,0.878878,0.907790
1088.000000,0.881901,0.884730,0.882436,0.879017,0.907809
1089.000000,0.880425,0.883728,0.882522,0.879141,0.907828
1090.000000,0.878961,0.882611,0.882349,0.879270,0.907847
1091.000000,0.878884,0.881821,0.882554,0.879719,0.907865
1092.000000,0.879736,0.881916,0.882737,0.880136,0.907884
1093.000000,0.882290,0.882096,0.883202,0.880690,0.907903
1094.000000,0.884397,0.882411,0.883757,0.881125,0.907922
1095.000000,0.887247,0.883104,0.884467,0.881587,0.907940
1096.000000,0.889674,0.884279,0.885286,0.882377,0.907945
1097.000000,0.889484,0.884610,0.885151,0.882955,0.907950
1098.000000,0.889318,0.885804,0.885267,0.883558,0.907954
1099.000000,0.888174,0.886285,0.885007,0.883777,0.907959
1100.000000,0.886864,0.887056,0.884833,0.883918,0.907964
1101.000000,0.884284,0.886979,0.884400,0.884029,0.907969
1102.000000,0.883166,0.886325,0.884121,0.883933,0.907973
1103.000000,0.880021,0.884669,0.883383,0.883691,0.907978
1104.000000,0.879829,0.884002,0.883206,0.883839,0.907983
1105.000000,0.879213,0.883039,0.883071,0.883991,0.907987
1106.000000,0.879467,0.881875,0.883077,0.884149,0.907992
1107.000000,0.881200,0.882183,0.883397,0.884162,0.907997
1108.000000,0.884731,0.882376,0.884090,0.884303,0.908001
1109.000000,0.888505,0.884167,0.885226,0.884727,0.908006
1110.000000,0.891542,0.885378,0.886217,0.885015,0.908011
1111.000000,0.896065,0.887766,0.887372,0.885522,0.908015
1112.000000,0.897451,0.889326,0.887826,0.885856,0.908020
1113.000000,0.898586,0.891658,0.888164,0.886141,0.908025
1114.000000,0.897622,0.893064,0.888533,0.886492,0.908029
1115.000000,0.896203,0.893873,0.888456,0.886672,0.908034
1116.000000,0.891966,0.894015,0.887945,0.886723,0.908076
1117.000000,0.889947,0.893699,0.887941,0.886831,0.908118
1118.000000,0.888050,0.893318,0.887847,0.887166,0.908161
1119.000000,0.887665,0.892644,0.888405,0.887699,0.908203
1120.000000,-1234.000000,-1234.000000,-1234.000000,-1234.000000,-1234.000000
